#{"t_start": 1776775756.063596, "env_id": "BDXCourseProject-v0"}
r,l,t
-24.083459,260,0.175259
-8.455661,201,0.299013
-10.300765,210,0.43041
-21.486631,237,0.579073
-9.479189,200,0.706698
-20.917093,267,0.872859
-25.242181,220,1.005975
-15.758894,235,1.153445
-14.964805,257,1.860976
-22.875363,335,2.101101
-33.190325,306,2.291907
-17.199953,195,2.406784
-14.754435,207,2.531272
-11.046006,184,2.64207
-7.244442,210,2.772834
-11.844664,214,2.905037
-11.505959,213,3.036958
-15.963687,224,3.705397
-16.940646,224,3.846966
-13.898082,249,4.01014
-17.363897,272,4.180641
-10.696342,202,4.305759
-22.676381,286,4.49006
-8.437546,199,4.610378
-22.942801,250,4.769939
-7.365905,184,4.880485
-8.724149,206,5.525755
-13.027003,261,5.692233
-17.831337,189,5.807805
-23.724203,258,5.977009
-5.250217,224,6.114194
-2.850328,195,6.235009
-9.320716,208,6.363088
-19.110143,258,6.52064
-13.772501,250,6.676912
-10.533714,218,7.337694
-17.474233,230,7.488447
-20.326138,266,7.661822
-6.458681,198,7.779768
-3.479441,207,7.909277
-14.210687,243,8.060222
-11.53231,233,8.208019
-14.968585,219,8.348221
-9.514022,219,8.489254
-5.550253,202,9.150919
-10.661136,196,9.275188
-15.903783,205,9.39995
-9.109661,227,9.540073
-4.167894,187,9.655758
-20.024733,259,9.814999
-2.968753,193,9.937691
-18.583905,313,10.140089
-8.369316,210,10.281243
-15.525225,217,10.936078
-9.288474,203,11.066714
-2.863516,175,11.170862
-11.059451,213,11.302602
-13.593511,194,11.418609
-13.341796,223,11.558373
-6.669897,218,11.692523
-4.522938,202,11.815195
-1.720245,170,11.916045
-14.187513,217,12.050824
-12.120116,235,12.718642
-6.061832,208,12.846342
-6.678843,211,12.976447
-6.118656,171,13.080699
-8.232738,211,13.210395
-5.731755,200,13.334779
-9.574221,205,13.467859
-4.085447,181,13.574398
-13.156913,227,13.713982
-13.998471,193,13.831373
-6.593298,223,14.48967
-12.522322,217,14.621665
-3.402164,173,14.725534
-4.552675,168,14.828654
-4.458964,195,14.949059
-10.20129,185,15.065037
-7.095284,184,15.179731
-7.414805,195,15.298981
-5.620951,182,15.409253
-12.524886,220,15.542902
-15.360162,214,15.671712
-9.297732,239,16.365891
-5.869775,174,16.471164
-8.917686,211,16.603984
-14.943131,255,16.771837
-10.484164,207,16.902818
-10.685652,229,17.041796
-2.716952,178,17.146442
-8.197894,252,17.305038
-9.983907,246,17.465412
-3.420402,176,18.090793
-20.236969,329,18.303403
-4.332703,182,18.413574
-4.754418,185,18.526267
-12.40352,230,18.669634
-6.324841,198,18.793636
-4.39543,185,18.908477
-9.16314,211,19.039897
-14.1003,284,19.221588
-9.576444,210,19.358003
-13.657017,202,20.007842
-4.042516,182,20.115915
-7.709508,205,20.237642
-6.29175,187,20.351179
-3.254233,187,20.46349
-10.166134,199,20.583944
-4.915091,187,20.698204
-7.718318,191,20.814997
-5.202747,193,20.934784
-16.378617,230,21.079524
-19.409215,342,21.816875
-4.158813,193,21.935469
-4.97919,182,22.04332
-3.857904,188,22.159219
-2.649818,175,22.263755
-4.836938,179,22.369452
-6.729026,203,22.493282
-2.683774,182,22.601807
-2.557759,190,22.717809
-2.762165,189,22.833363
-9.25697,208,23.485718
-2.60145,174,23.587773
-3.720266,178,23.69351
-3.392083,168,23.794202
-9.372978,211,23.927336
-10.12786,194,24.043381
-14.960511,272,24.230985
-4.655294,198,24.352429
-4.325097,185,24.466026
-4.630088,187,24.579432
-2.094335,171,24.681152
-20.871301,251,25.364444
-9.441454,222,25.50632
-4.064591,182,25.61575
-5.769076,190,25.735207
-2.841105,175,25.83824
-3.775927,180,25.945471
-3.795556,195,26.061987
-2.648293,180,26.169671
-3.097108,184,26.282548
-2.897527,172,26.384222
-7.713815,185,27.022472
-4.015781,179,27.131697
-3.136739,179,27.242209
-3.763714,180,27.351766
-6.374381,216,27.493059
-2.723024,189,27.607442
-3.809931,168,27.707774
-10.397343,252,27.874212
-8.47346,187,27.990343
-5.544803,190,28.105048
-3.100147,181,28.214162
-4.977167,172,28.857229
-2.528216,177,28.964448
-2.765773,171,29.066899
-1.960892,165,29.165631
-2.803493,206,29.299519
-2.367644,189,29.41941
-3.070802,182,29.528818
-2.416909,184,29.641194
-4.187861,186,29.754989
-1.467063,165,29.853202
-1.179585,169,29.954828
-10.36177,190,30.595482
-2.316759,193,30.713894
-0.793436,165,30.812002
-2.42379,170,30.913586
-4.615019,170,31.016394
-1.383878,170,31.11872
-1.415648,164,31.21638
-4.957444,213,31.355844
-5.354896,193,31.482483
-2.132512,172,31.585286
-5.805385,168,31.684568
-3.924033,177,31.794928
-3.028581,179,32.4468
-1.114951,174,32.551845
-1.63009,170,32.654132
-3.073403,171,32.760496
-2.220741,189,32.881
-3.473965,169,32.980956
-5.179415,180,33.091598
-1.673001,172,33.195301
-0.885212,165,33.292871
-5.183505,184,33.411367
-3.890436,188,33.530207
-3.075647,175,34.160576
-3.690477,180,34.268769
-4.504137,174,34.373606
-2.837882,166,34.47374
-2.577593,162,34.569425
-1.924269,166,34.666891
-6.831513,193,34.783278
-2.69629,171,34.887673
-2.699966,168,34.987562
-2.376224,167,35.087102
-2.377753,167,35.187153
-2.082281,184,35.298225
-2.198552,179,35.935851
-2.841267,175,36.040786
-1.81816,162,36.136131
-3.051036,172,36.24168
-2.843895,174,36.346668
-3.010521,172,36.450755
-2.325681,175,36.55567
-3.111044,180,36.663569
-1.889292,165,36.763766
-2.385495,169,36.866459
-2.147888,180,36.975595
-2.877681,165,37.075314
-3.038242,168,37.727642
-1.260647,164,37.826166
-6.7732,189,37.943723
-1.252181,164,38.04189
-3.338983,181,38.149259
-6.509263,174,38.254609
-2.224952,174,38.3583
-1.877258,167,38.457202
-3.129247,164,38.553699
-2.475757,170,38.657011
-6.54893,166,38.758959
-1.466097,167,38.859376
-1.537693,168,39.486543
-1.427691,168,39.588112
-3.813114,174,39.693302
-4.345077,201,39.819539
-3.528164,164,39.920434
-1.859098,174,40.02622
-2.385976,168,40.141353
-2.654702,179,40.249549
-2.662448,175,40.355355
-3.231624,173,40.462049
-3.651312,171,40.562875
-3.301068,168,40.663187
-1.970092,174,41.297296
-4.47371,168,41.400791
-0.838408,164,41.498816
-3.756466,178,41.604065
-2.8143,174,41.707793
-2.12133,169,41.809612
-1.970036,171,41.91142
-3.77399,173,42.01596
-5.142427,173,42.117659
-3.343594,183,42.227365
-2.633271,195,42.348684
-4.543085,182,42.458148
-2.213782,175,43.10443
-2.648881,173,43.208644
-3.572676,172,43.311178
-1.237414,177,43.417451
-2.481384,178,43.523732
-2.33305,163,43.620183
-3.379233,192,43.735667
-3.518345,165,43.832914
-1.357131,170,43.934327
-4.713542,169,44.033258
-2.033297,166,44.130731
-1.424181,167,44.229751
-1.975436,184,44.857487
-3.263806,169,44.957711
-1.794258,164,45.053098
-3.18737,175,45.157112
-3.639771,179,45.263187
-2.992067,164,45.358668
-2.761149,166,45.455432
-1.664231,179,45.561004
-3.111837,173,45.665362
-3.43631,186,45.773268
-3.542003,180,45.879898
-2.40362,169,46.500948
-2.040896,165,46.597869
-3.170875,172,46.701627
-3.21749,169,46.803753
-1.631528,182,46.919546
-0.836102,163,47.017046
-1.871411,171,47.118141
-2.917965,167,47.220059
-6.409675,165,47.318043
-0.574393,167,47.416565
-2.427466,182,47.524238
-1.909618,162,47.618081
-2.506231,171,48.238329
-4.669441,180,48.34825
-2.632406,189,48.468264
-1.885846,163,48.56468
-2.596568,169,48.665836
-5.135586,168,48.765359
-3.061978,163,48.861745
-1.550092,171,48.963747
-4.587394,174,49.066394
-0.789739,165,49.163357
-1.225864,170,49.262399
-0.67389,166,49.359654
-4.692105,177,49.983113
-2.3591,169,50.084889
-2.068939,163,50.182385
-1.6844,197,50.303116
-3.989207,172,50.40436
-2.093277,169,50.505319
-0.479004,161,50.598782
-2.262315,168,50.699495
-2.301988,177,50.822565
-2.190684,167,50.922501
-2.580289,163,51.019255
-2.380414,183,51.128091
-1.834096,166,51.749539
-1.894776,172,51.851911
-1.663507,167,51.950826
-2.452372,164,52.047099
-2.985897,178,52.152206
-1.008789,172,52.254237
-1.578738,165,52.351478
-2.006151,167,52.449925
-2.752008,165,52.546589
-3.537987,176,52.654846
-1.661265,165,52.751301
-1.052462,166,52.850891
-2.654734,176,53.478581
-1.361638,162,53.576113
-1.429787,173,53.680322
-3.542842,167,53.779855
-1.437885,174,53.8843
-2.047427,160,53.979552
-2.293444,166,54.080546
-2.002216,163,54.178007
-1.867829,160,54.273929
-0.669187,169,54.373702
-1.818728,161,54.468056
-1.366202,169,54.569273
-2.462705,187,54.68388
-1.261757,169,55.305784
-1.529036,166,55.403317
-2.993572,176,55.511727
-2.511255,165,55.609352
-3.425291,161,55.702527
-0.512658,164,55.798805
-1.096874,172,55.900546
-1.73301,169,56.001927
-4.544481,166,56.099819
-2.953657,162,56.19489
-2.789184,164,56.291426
-0.895502,166,56.389242
-2.502914,164,57.008485
-5.788924,188,57.127456
-2.571398,165,57.223526
-1.395542,161,57.31744
-1.155828,170,57.416718
-1.764642,171,57.518593
-0.870435,160,57.610505
-12.366513,246,57.761963
-0.214539,168,57.860276
-3.202448,161,57.95418
-0.383805,168,58.053284
-0.854796,164,58.149688
-2.671445,171,58.770819
-1.428772,163,58.868522
-1.411358,170,58.97083
-3.219056,176,59.080765
-2.351046,173,59.183757
-1.933475,196,59.304124
-1.213621,173,59.405599
-2.156806,169,59.504703
-0.707752,160,59.597436
-1.333869,169,59.696626
-1.574555,165,59.793625
-5.471395,205,60.435383
-1.716433,166,60.535538
-1.865844,166,60.63648
-1.723805,164,60.731431
-3.345302,166,60.82786
-1.847339,158,60.919463
-3.72997,169,61.021966
-0.9994,174,61.126244
-2.004311,164,61.222424
-2.030494,161,61.316145
-1.118239,165,61.412922
-1.906976,175,61.516826
-0.79941,171,61.618024
-1.89379,164,62.252126
-1.379682,171,62.355853
-1.887885,174,62.461405
-1.104178,162,62.556255
-1.158694,166,62.672859
-1.973564,164,62.769968
-1.437358,167,62.868389
-1.631783,162,62.980047
-2.792237,195,63.100158
-1.19018,164,63.196986
-1.448404,174,63.299364
-0.774934,165,63.39672
-1.095816,161,64.012114
-1.38666,168,64.113474
-2.102269,164,64.211906
-1.393927,162,64.308279
-2.614896,171,64.410833
-1.449811,165,64.508133
-0.961368,168,64.606892
-2.551077,164,64.703703
-0.722299,160,64.797323
-0.536795,161,64.89284
-1.186131,164,64.989697
-3.328701,165,65.087434
-1.797468,189,65.723187
-0.696253,167,65.82443
-0.913134,161,65.918747
-1.110398,166,66.018398
-2.278524,171,66.119686
-0.733582,172,66.223175
-0.800208,171,66.325675
-1.057702,168,66.425463
-0.847558,166,66.523295
-1.523586,167,66.62248
-1.471005,164,66.718269
-1.041288,168,66.818272
-0.64747,170,67.441947
-1.215924,167,67.541527
-1.595744,166,67.641442
-3.139458,175,67.748721
-1.62477,169,67.850355
-0.765401,163,67.950049
-1.707567,172,68.053293
-1.740769,189,68.170815
-1.260623,177,68.278801
-1.258942,167,68.379007
-4.365265,186,68.490532
-0.740276,161,68.584234
-1.322708,162,69.202854
-1.403706,163,69.298873
-1.977162,170,69.400454
-0.746431,161,69.494562
-2.244124,167,69.593078
-1.555146,165,69.689974
-1.392577,163,69.78486
-1.488971,178,69.890102
-1.059399,173,69.994734
-0.656211,167,70.092935
-1.706065,174,70.200134
-1.015985,168,70.298414
-0.745666,163,70.393549
-0.321238,167,71.010372
-1.095952,168,71.111955
-2.330465,163,71.208669
-1.712534,162,71.30447
-1.617374,168,71.404471
-2.201957,169,71.504321
-0.882705,170,71.605833
-1.961554,170,71.707108
-0.830791,165,71.805417
-0.521977,179,71.912073
-1.174999,166,72.010612
-0.861347,167,72.110211
-1.622673,165,72.733598
-0.85314,168,72.83225
-1.045917,168,72.93366
-0.125879,161,73.029576
-0.532483,164,73.126627
-2.985777,169,73.226754
-1.132821,164,73.324268
-0.728526,164,73.421462
-1.133955,175,73.527352
-1.666442,162,73.622733
-1.793341,166,73.720884
-1.728955,173,73.825468
-0.717993,166,74.443868
-3.359383,166,74.544351
-1.294572,164,74.6434
-1.826994,164,74.740115
-1.216947,163,74.838572
-0.355245,163,74.936258
-1.118313,164,75.034578
-1.091323,160,75.127681
-0.886112,167,75.22618
-1.03751,163,75.322108
-2.209376,165,75.420117
-1.263609,168,75.519713
-1.833206,179,76.146111
-2.061248,163,76.242475
-2.806266,181,76.35142
-0.25726,169,76.451609
-0.491877,160,76.54422
-0.988278,167,76.643604
-0.801546,169,76.744942
-0.686443,171,76.846327
-1.34125,165,76.944317
-0.959151,165,77.0414
-0.736411,166,77.154389
-0.974416,165,77.25288
-0.540219,162,77.347553
-1.223222,177,77.981194
-0.852887,184,78.095301
-0.855538,171,78.198956
-1.363949,164,78.296978
-2.32928,161,78.392115
-0.976576,161,78.487231
-0.502856,165,78.584484
-0.187896,169,78.685938
-0.749363,170,78.786273
-0.196942,168,78.885228
-0.804075,164,78.982794
-0.259409,165,79.079886
-1.279841,169,79.700605
-0.406448,168,79.800187
-0.036956,168,79.899521
-1.196252,163,79.99468
-0.156241,162,80.090952
-0.767147,162,80.186185
-1.105149,169,80.28659
-0.616715,175,80.390258
-0.321661,177,80.49501
-1.005994,178,80.602764
-1.27101,165,80.699313
-0.92285,164,80.796944
-1.28892,166,81.414669
-0.952257,169,81.513536
-0.852691,165,81.609875
-0.416993,163,81.70558
-0.696504,169,81.807617
-1.052121,164,81.903993
-0.942238,162,81.998012
-0.544471,166,82.095457
-1.521524,163,82.190547
-0.361266,167,82.289408
0.021258,164,82.386681
-1.146562,170,82.488239
-0.75576,163,83.107609
-1.335732,191,83.225429
-1.134189,163,83.3211
-0.252768,165,83.417921
-2.311012,169,83.518016
-0.468076,167,83.616376
-0.86075,162,83.710784
-0.350633,169,83.809719
-1.028609,168,83.907825
-0.999717,171,84.009525
-1.116862,173,84.111907
-0.677894,161,84.206122
-1.066955,182,84.833388
-0.675829,167,84.93373
-0.780786,167,85.032104
-1.03806,161,85.126556
-0.917181,169,85.226297
-1.373738,167,85.324935
-0.911593,167,85.422165
-1.383911,164,85.518524
-1.11739,167,85.616035
0.241803,163,85.7111
-0.688181,162,85.805258
-0.249979,167,85.90447
-0.981358,162,85.998324
-3.541214,169,86.613984
-0.261879,165,86.711751
-0.512664,164,86.8117
-1.410934,167,86.910001
-0.583287,161,87.004252
-0.490739,165,87.101409
-0.103714,172,87.203874
-0.341743,161,87.298041
-0.430793,166,87.395308
-0.606824,165,87.491739
-1.567574,161,87.584335
-1.463889,167,87.682343
-1.083561,167,88.303918
-1.442794,173,88.412654
-1.435848,164,88.509601
-0.342485,161,88.605026
-0.418178,160,88.699287
-0.263718,165,88.797363
-0.619636,161,88.892605
-0.1704,166,88.992438
-0.411945,164,89.091171
-1.263503,163,89.188184
-0.802172,162,89.283853
-1.864599,165,89.381514
-0.78874,161,89.476666
-1.893869,166,90.094092
-0.005386,161,90.189709
-0.715034,164,90.286182
-0.871729,165,90.383301
-1.542034,164,90.480048
-1.487888,163,90.576478
-0.366402,161,90.671749
-2.326589,180,90.780541
-0.262085,165,90.878155
-1.35726,166,90.979274
0.271659,162,91.075164
-1.469145,166,91.173599
-0.617394,166,91.809839
0.344556,161,91.906604
-0.269789,163,92.003274
-0.243609,161,92.102642
-0.277427,164,92.205214
-0.563648,161,92.29986
-0.213688,160,92.39433
-1.163238,170,92.494082
-0.972659,162,92.588968
-0.8496,172,92.692454
-0.642212,163,92.791235
-0.380808,163,92.888542
-1.439675,165,92.987391
-0.654403,162,93.608881
-0.064967,163,93.706344
-0.24623,163,93.80366
-0.364905,163,93.9001
-0.848739,161,93.99347
-0.55524,167,94.092113
-0.521767,169,94.194378
-0.417252,162,94.2889
0.112435,161,94.382832
-0.359351,160,94.475495
-0.965717,164,94.571817
-0.407062,163,94.667066
-0.490216,165,95.284409
0.158626,160,95.379795
-0.098451,161,95.473537
-0.092982,164,95.569485
-0.255717,163,95.664201
-1.209847,164,95.761708
-0.199139,162,95.856552
-0.329635,162,95.950788
0.394611,164,96.046316
-0.925894,163,96.142485
-0.643073,162,96.23714
-0.528864,169,96.338281
-0.504629,164,96.433326
-0.540905,162,97.044751
-0.8451,160,97.138052
-0.665726,160,97.231412
-0.939712,161,97.326454
-0.024702,161,97.421188
-1.153916,161,97.514659
-1.054169,160,97.607838
-0.245855,160,97.701513
-0.612991,161,97.794935
-0.177819,159,97.886663
-0.579869,160,97.981142
-0.066845,165,98.080283
0.090108,163,98.700202
0.16024,162,98.797983
-0.251604,161,98.89391
0.002363,163,98.991058
-0.256408,169,99.09177
-0.992758,162,99.187931
0.075806,160,99.282437
0.036254,162,99.37864
-1.029439,163,99.47584
-0.697342,162,99.572821
-0.079894,159,99.666244
-0.351627,162,99.762352
0.40865,160,99.857289
-0.237082,160,100.469052
-0.464329,165,100.56726
-0.202343,158,100.661277
-0.499048,166,100.761261
-1.053941,162,100.857315
-0.435214,163,100.954166
-0.312534,162,101.049894
-0.557536,164,101.14915
-0.414869,158,101.242637
-0.735231,162,101.339939
-0.753349,162,101.4358
0.015304,163,101.532844
-0.323881,163,101.629386
-0.35492,165,102.263743
-0.366707,162,102.359696
-0.561925,169,102.461635
-0.330449,165,102.559466
-0.821897,161,102.654911
-0.098227,158,102.746413
-0.680941,166,102.845758
-0.835499,159,102.940178
-0.503832,161,103.035813
-0.385193,167,103.136061
-0.592304,161,103.230327
-0.160437,159,103.322452
-0.386876,163,103.941025
-0.877863,164,104.039365
-0.967249,163,104.13662
-1.358025,181,104.248277
-0.953303,159,104.341112
-0.374002,164,104.4386
-0.111038,159,104.531319
-0.323703,165,104.629747
-0.242984,166,104.730062
-1.580376,163,104.827375
-0.429008,162,104.923329
-0.815975,163,105.019554
-0.212202,164,105.119346
-0.246165,160,105.734289
-1.347665,165,105.832834
0.242369,161,105.927348
-1.042264,163,106.022909
0.154307,160,106.117296
-0.201516,162,106.2282
-0.364451,173,106.334844
-0.20732,165,106.432979
-0.41727,162,106.530161
-0.705124,159,106.623631
0.033401,163,106.719432
0.304199,158,106.81189
-0.560479,159,107.430007
-0.58175,163,107.526631
-0.401709,161,107.620452
-1.118283,181,107.731109
-0.470189,163,107.827086
-0.165584,165,107.924603
-0.728527,159,108.018247
-0.968057,163,108.113988
0.108408,172,108.217192
0.001795,160,108.311538
-0.636778,163,108.407157
-0.384462,161,108.500162
-0.30044,159,108.592473
-0.390983,161,109.211332
-0.402004,172,109.314857
-0.588941,163,109.410714
-1.214146,161,109.506865
-0.262272,160,109.599754
-0.33877,163,109.695153
-0.150886,167,109.794967
-0.597583,160,109.888647
-0.358514,159,109.981697
-0.284322,161,110.076129
-0.51404,160,110.170063
-0.82118,166,110.268608
-0.945899,161,110.879203
-1.188543,181,110.991112
0.114671,161,111.08729
0.029402,160,111.1827
-0.195686,181,111.293134
-0.130579,162,111.389629
-0.802307,164,111.488156
0.125519,162,111.584951
-0.147767,167,111.685753
-0.73399,162,111.781205
-0.174666,166,111.880081
0.034828,163,111.976651
-0.9561,174,112.081204
-0.208568,177,112.712085
-2.961734,213,112.854431
-0.153813,167,112.954279
-0.333164,167,113.052921
-0.435891,161,113.146745
0.069013,164,113.243019
-0.123106,162,113.337862
-0.338063,162,113.433655
-0.406534,162,113.527841
-0.987711,165,113.625452
-0.189051,163,113.720553
-0.003819,161,113.814597
-0.198599,161,114.434043
-1.119001,161,114.529698
0.146744,159,114.623032
0.106406,159,114.716249
-0.066258,162,114.812272
0.066786,163,114.907442
-0.543249,162,115.002869
-0.550973,162,115.098917
0.261585,160,115.193649
0.454977,166,115.294785
-0.140642,160,115.389876
-0.050336,173,115.49475
-0.09313,179,116.122078
0.219892,160,116.217974
-0.544517,163,116.314864
0.296324,165,116.412771
-0.516185,166,116.511935
-0.308938,159,116.606043
0.218718,158,116.699879
-0.530115,165,116.800128
0.004082,160,116.895164
-0.368588,162,116.992421
0.118354,164,117.091549
-0.684677,176,117.199567
-0.920686,159,117.294221
0.312348,170,117.915924
0.052334,179,118.026587
-0.133032,160,118.122305
-0.859398,159,118.218049
-0.044866,168,118.319159
-0.082288,164,118.417592
-0.040536,162,118.512963
0.056472,161,118.608154
-0.431788,167,118.709175
-0.427204,160,118.804588
-0.508099,168,118.905908
-0.515568,166,119.00482
0.208698,163,119.624834
-0.823993,163,119.722444
-0.304972,167,119.823742
0.210517,161,119.918416
-0.194674,164,120.016174
0.12762,160,120.111774
-0.13466,162,120.208645
-0.00343,161,120.304247
-0.046777,162,120.400135
-0.460143,164,120.498731
-0.231527,163,120.59621
0.030271,160,120.690376
-0.292369,160,120.799449
0.155205,162,121.413612
-0.229447,164,121.512316
-0.443904,163,121.610728
0.476453,168,121.711766
0.12262,183,121.825732
-2.237291,167,121.925897
-0.273721,163,122.023982
0.007768,166,122.123494
-0.242859,165,122.229997
-0.740753,164,122.329758
0.590889,160,122.425735
0.030721,160,122.520406
-0.234517,163,123.138574
0.181145,164,123.237975
0.309555,160,123.333476
-1.045394,163,123.430776
-0.769995,164,123.529129
0.454746,167,123.630223
0.229616,160,123.726151
-0.175609,160,123.821641
-0.747051,162,123.919625
0.106366,163,124.016594
0.127589,163,124.114568
0.110389,159,124.209195
-0.471149,163,124.307836
-0.157066,160,124.92521
-0.199427,164,125.021148
-0.133568,160,125.116724
-0.865721,159,125.211305
-0.4139,160,125.30595
0.036095,166,125.406886
-0.160764,161,125.501894
0.289412,170,125.60558
-0.376065,160,125.70109
0.115675,159,125.795533
0.345007,160,125.8906
-1.202251,164,125.994348
0.124451,165,126.092406
-0.466519,169,126.712386
-0.580841,167,126.812556
-0.581287,162,126.907906
0.134843,160,127.001636
0.430562,163,127.098277
-0.059303,163,127.195468
0.292926,166,127.295258
-0.606702,163,127.392031
0.150874,167,127.490765
-0.023641,166,127.589468
-0.56911,163,127.684949
-0.267444,170,127.787162
0.154137,167,128.415533
0.116613,160,128.509672
-0.58975,161,128.605549
0.296535,160,128.701333
-0.07066,163,128.799956
-1.072322,159,128.894925
-0.114441,160,128.989779
0.215941,164,129.088513
0.078426,160,129.185102
0.321081,161,129.280161
-0.045883,161,129.376333
0.488718,160,129.471227
-0.292495,164,129.567961
0.271212,164,130.205555
0.296721,162,130.302863
-0.453355,162,130.400261
0.620043,171,130.503773
-0.004718,160,130.598132
0.315237,166,130.697597
-0.765663,162,130.793571
-0.832259,161,130.889
-0.59231,167,130.989232
0.287208,165,131.088796
0.17539,166,131.18923
-0.106405,165,131.288284
-0.057305,174,131.911621
0.426746,165,132.011486
0.833567,159,132.105934
-0.417652,163,132.222105
-0.179059,161,132.318995
0.306721,161,132.414202
0.299371,162,132.510308
-0.350877,165,132.60922
-0.030173,160,132.703117
0.202583,165,132.800951
0.436106,161,132.896325
0.310825,159,132.989893
-0.322891,169,133.091125
-0.105493,163,133.71095
0.055675,167,133.811505
0.098223,160,133.906871
-0.342312,165,134.00497
-0.19102,162,134.101725
-0.65536,169,134.2045
0.009156,162,134.300923
-0.19039,162,134.397507
-0.022543,171,134.501601
0.122662,160,134.597582
0.213687,163,134.695762
0.148022,165,134.793606
0.056103,162,135.412423
-0.168597,165,135.511225
-0.442957,187,135.626464
0.125602,160,135.722882
0.11223,161,135.818951
-0.146085,162,135.915755
0.693825,160,136.010781
0.608742,167,136.111407
0.086673,157,136.204629
-0.040784,170,136.3071
0.169367,158,136.401058
0.170763,159,136.495001
-0.164839,167,136.595947
0.361158,162,137.21386
-0.362169,167,137.314479
-0.049763,163,137.412309
0.065376,173,137.518692
-0.060933,163,137.615771
-0.2452,160,137.710628
-0.080644,170,137.814011
-0.732596,165,137.914398
0.041146,159,138.007215
0.106569,163,138.10349
0.188082,161,138.198757
0.012099,170,138.300703
0.220791,168,138.921739
0.426501,174,139.026763
0.573034,158,139.12
0.239237,164,139.216834
0.088048,165,139.314383
0.139954,166,139.413248
0.226846,164,139.510516
-0.301688,176,139.618259
0.137009,163,139.715331
-0.266378,166,139.814803
0.531277,169,139.91636
-0.225115,161,140.011328
0.037023,161,140.627548
-0.214172,163,140.726984
0.190754,177,140.834752
0.043866,166,140.934301
-0.576884,164,141.031734
0.150907,165,141.130291
-0.02758,163,141.227035
0.059443,163,141.32365
0.195289,163,141.419669
-0.068355,165,141.516981
-0.091747,164,141.615368
0.102941,164,141.712261
0.291098,161,141.80758
-0.193832,162,142.426459
-0.334762,171,142.529519
0.258947,161,142.623911
0.072939,163,142.722853
-0.280107,162,142.820899
0.051408,161,142.917974
-0.391943,165,143.017106
0.302304,168,143.119303
0.459745,162,143.215526
-0.344105,166,143.317324
-0.07517,159,143.410906
-0.253012,168,143.512328
-0.179357,160,144.126933
0.186361,164,144.226182
0.116946,163,144.32426
-0.122913,162,144.420561
0.319246,161,144.517292
0.333515,162,144.614699
-1.218005,168,144.718641
0.301471,159,144.812468
-0.722663,165,144.911695
0.131317,162,145.008505
0.318532,167,145.109505
0.277221,158,145.202773
-0.905612,165,145.299355
0.024907,160,145.91479
-0.10824,161,146.012029
-0.381798,162,146.108139
0.199429,161,146.203357
0.016291,164,146.300822
0.390801,161,146.395959
0.036794,165,146.494404
-0.054361,161,146.589506
0.030248,163,146.687634
0.32947,162,146.798932
-0.608029,159,146.892461
0.593883,166,146.991316
0.344356,160,147.084943
0.486698,161,147.704235
-0.089013,163,147.800928
-0.23349,165,147.898627
-0.281382,168,147.999705
-0.189762,162,148.095936
0.090992,159,148.190306
0.523389,165,148.287937
0.283938,159,148.381315
-0.438969,162,148.476312
0.181448,163,148.570845
0.265176,161,148.666937
-0.375038,166,148.766289
0.287167,168,149.385983
-0.276653,166,149.487592
-0.347981,165,149.588433
0.491365,162,149.685581
-0.24172,163,149.782826
-0.142583,164,149.880922
-0.177038,159,149.975405
0.102482,159,150.069393
0.234417,160,150.165409
0.065061,168,150.266903
0.09007,163,150.364617
0.532675,160,150.459693
0.503811,162,150.555162
0.182345,160,151.172921
0.300529,160,151.269025
-0.071558,159,151.36411
0.006185,160,151.459012
0.4916,168,151.559251
-1.510479,167,151.659127
-0.384265,163,151.755093
-0.363999,164,151.853896
-1.330338,172,151.958467
-0.44674,165,152.05642
0.136091,160,152.150074
0.141082,161,152.252865
-0.053051,160,152.871133
0.559929,159,152.964817
-2.058104,164,153.065707
0.364957,173,153.171246
-2.81778,165,153.271922
-0.232264,159,153.3645
0.277417,165,153.462652
-0.656103,171,153.56433
-0.336479,161,153.659014
0.00193,171,153.761149
0.706349,166,153.860246
-0.151353,169,153.962329
0.0392,162,154.058223
-0.316044,161,154.67269
0.352815,161,154.770303
-0.732619,160,154.866884
0.033875,168,154.968837
0.434132,161,155.064833
0.316133,159,155.1593
0.207301,168,155.260976
-0.209486,169,155.363779
0.272065,158,155.456204
0.121116,163,155.551796
0.69963,166,155.650436
-0.023241,161,155.745275
0.06986,170,156.374382
0.085908,162,156.471497
-0.050399,171,156.573776
-0.025052,161,156.67002
-0.18453,163,156.766923
0.122041,159,156.860334
-0.615461,171,156.96346
0.40611,161,157.058058
0.697362,159,157.15158
0.463156,163,157.248159
0.318842,162,157.345483
-0.753735,161,157.442127
0.6863,161,157.536606
0.097417,164,158.156383
-0.418362,160,158.250541
-0.030731,160,158.344529
-0.110641,163,158.440069
0.563977,160,158.533709
-0.260863,160,158.629521
0.363929,162,158.72761
0.067242,166,158.828465
0.127386,162,158.925774
-0.367172,163,159.022419
-0.09842,163,159.119772
0.157509,161,159.21472
0.71823,163,159.827406
0.359125,159,159.922387
0.318913,158,160.015446
0.139864,161,160.110005
0.313018,167,160.208674
-0.788331,170,160.311995
0.770151,172,160.415252
-0.553132,161,160.509915
0.82512,171,160.611723
-0.200221,161,160.706884
-0.225937,160,160.801153
0.694869,161,160.896193
-1.250659,166,160.993976
0.225227,170,161.631359
0.119709,159,161.725983
0.50448,161,161.822741
-0.011717,163,161.921219
0.34672,162,162.017558
0.342949,159,162.112121
0.140561,171,162.217025
-0.289812,175,162.324762
0.669389,167,162.426216
0.384955,164,162.524796
0.584051,163,162.622668
0.177159,160,162.71759
0.576498,163,163.336825
0.170553,166,163.436309
-0.231318,161,163.532793
0.300839,165,163.631895
0.320325,159,163.726514
0.524563,162,163.824752
0.230999,186,163.939674
0.169461,161,164.036041
0.143723,162,164.133021
0.182227,161,164.229504
0.597136,159,164.323947
-0.026108,160,164.419166
0.380986,163,164.517413
0.629735,160,165.131204
0.450157,159,165.224907
-0.14347,161,165.319499
0.011985,161,165.415102
-0.912015,161,165.509925
-0.270297,161,165.605061
0.536711,160,165.698878
-0.018655,163,165.794915
0.500055,160,165.888938
0.504566,165,165.98673
-0.14119,164,166.084745
0.18413,162,166.180196
0.202622,163,166.277352
-0.250856,163,166.896627
0.296134,164,166.996362
0.589061,166,167.097024
-0.299866,160,167.192962
-0.207563,166,167.293323
-0.125751,161,167.389528
0.566564,161,167.485323
-0.151594,166,167.586146
-0.01937,160,167.681735
0.198981,161,167.778442
0.161921,163,167.876733
-0.212548,165,167.975838
0.528779,163,168.59349
0.188606,165,168.693254
0.21179,161,168.789597
0.218039,161,168.886297
-0.152996,160,168.98344
0.062531,167,169.084814
-0.121933,159,169.179787
0.256771,171,169.283012
-0.350122,164,169.382808
-0.115594,165,169.483318
-0.379869,163,169.580754
0.117798,165,169.6789
0.064298,161,169.774034
0.132611,166,170.393664
0.219874,175,170.500873
0.48514,166,170.601214
0.452532,163,170.698094
-0.520367,165,170.797763
0.355305,161,170.892573
0.058535,165,170.991362
-0.709385,170,171.095741
0.75741,163,171.192866
-0.174398,163,171.290774
0.094645,163,171.387649
0.301346,166,171.486848
-0.002402,166,172.109033
-0.097496,176,172.217142
0.438207,161,172.312221
0.461396,162,172.407484
0.313652,160,172.501751
0.264309,164,172.600259
0.133571,163,172.698421
0.220495,161,172.793292
0.03369,163,172.889441
0.842011,164,172.986767
-0.141963,162,173.082404
0.306732,159,173.175679
-0.537888,171,173.281175
0.587349,159,173.897626
0.435911,162,173.994288
0.106049,159,174.089132
-0.274809,167,174.190411
0.737279,168,174.291837
0.497032,162,174.388432
0.313426,172,174.494208
0.29115,160,174.589622
0.277691,167,174.69044
-0.101742,161,174.787108
0.40994,163,174.884981
-0.286777,162,174.981979
0.36494,159,175.594133
0.260437,160,175.688472
0.58323,159,175.78207
0.269938,163,175.894105
0.226076,166,175.994087
0.37958,159,176.08748
-0.08696,159,176.180919
-0.180673,159,176.27351
-0.815447,174,176.381551
-0.339849,160,176.476578
0.443808,167,176.576299
0.425915,161,176.671827
-0.170008,163,176.768175
0.474295,163,177.390251
0.106364,165,177.491083
-0.77694,168,177.592677
0.554657,166,177.693977
0.538041,159,177.788913
0.48795,160,177.883648
0.689004,162,177.980958
0.159849,164,178.079637
-0.037761,160,178.175007
0.401897,162,178.271861
0.652618,165,178.371587
0.22962,167,178.472608
0.722254,167,179.091355
0.086604,168,179.192846
0.689788,161,179.289839
0.54719,164,179.388244
-0.46473,162,179.483512
0.373289,166,179.584323
0.537147,162,179.681855
0.175096,162,179.778248
0.492411,163,179.876367
0.462306,160,179.971514
0.147248,168,180.074426
-0.189154,178,180.186976
0.462445,163,180.283146
0.200055,161,180.897401
0.165693,160,180.992444
0.546057,159,181.087208
-0.184457,159,181.180928
0.46798,191,181.299682
0.993485,167,181.401289
-0.22651,160,181.49535
0.160691,165,181.594978
0.189214,160,181.689979
0.044276,160,181.783393
0.634639,161,181.878417
0.058232,162,181.974912
0.128746,164,182.610788
0.054414,162,182.708627
0.184017,161,182.805434
0.456631,165,182.906134
-0.683797,162,183.004211
-0.143451,166,183.103409
0.420347,164,183.20183
0.611014,167,183.303146
0.439137,162,183.399898
0.53779,163,183.497898
0.567902,164,183.596277
0.627622,162,183.693917
0.680519,160,183.788536
0.395504,171,184.410556
0.0719,168,184.512311
0.216932,161,184.607083
0.489115,160,184.702527
0.235834,163,184.800319
0.531335,161,184.897598
0.311638,161,184.993007
0.410718,167,185.094214
0.281985,167,185.196464
0.525397,168,185.29761
0.538908,164,185.395793
0.14266,172,185.499519
0.328325,162,186.117802
0.204769,168,186.217786
0.18314,162,186.312888
0.737131,164,186.412336
-0.611145,164,186.511688
0.590209,164,186.610127
0.364165,162,186.706988
0.121336,161,186.801626
0.221578,163,186.89973
0.338102,162,186.997442
0.601086,167,187.09814
0.786973,169,187.20075
0.070001,161,187.296959
-0.534259,175,187.930151
0.479633,169,188.033227
-0.089798,173,188.139004
0.608878,166,188.23928
-0.02708,167,188.339056
0.806965,162,188.435199
0.170114,164,188.532434
0.005882,161,188.627869
0.269578,162,188.725679
-0.029179,167,188.827828
0.623111,162,188.924612
0.605748,164,189.023305
0.44895,161,189.659682
0.302494,186,189.78098
0.58736,161,189.881094
0.416702,163,189.979231
0.52633,165,190.079318
0.383635,169,190.1824
0.431422,177,190.289901
0.456644,167,190.390175
0.189458,161,190.486516
0.627562,178,190.596601
0.305396,162,190.693813
0.13625,165,190.793752
0.247771,170,191.419335
0.894926,166,191.5193
0.510308,161,191.61502
0.409446,162,191.710675
0.360837,165,191.809584
0.543524,164,191.906567
0.369495,164,192.004181
0.512261,175,192.110369
-0.936816,168,192.212863
0.4515,164,192.31107
0.452714,169,192.413094
0.418266,164,192.510841
0.05842,172,193.14061
0.645018,166,193.242062
0.264013,167,193.343139
0.551136,167,193.444115
0.620946,164,193.543387
0.083443,167,193.645086
0.745474,161,193.741639
0.572538,165,193.841493
0.63732,167,193.941762
0.378976,165,194.042946
0.632375,167,194.143684
0.868996,178,194.252153
0.732369,163,194.349502
0.305779,162,194.965669
0.708182,160,195.060434
0.870715,169,195.163484
0.359828,169,195.265951
0.25085,167,195.36724
0.842874,164,195.46454
0.369795,161,195.559189
0.648164,167,195.659027
0.031573,176,195.765407
0.37564,160,195.858997
0.538064,164,195.955741
0.604634,166,196.05468
0.693859,161,196.667121
0.64014,167,196.76711
0.132057,166,196.865734
0.624856,165,196.964025
-0.817219,167,197.06408
0.093611,169,197.165444
0.55929,165,197.262465
0.303103,164,197.359387
0.408547,163,197.456704
0.349743,162,197.552088
0.618149,163,197.648593
0.345127,164,197.745632
0.537399,170,197.847164
-0.221543,177,198.479899
0.392674,162,198.577103
0.729748,163,198.67528
0.446047,171,198.779799
0.777628,168,198.881615
0.287672,172,198.986229
0.54847,164,199.085416
0.622156,167,199.187152
-0.239787,172,199.291544
0.187036,184,199.405044
0.473253,163,199.502953
0.942332,167,199.603658
0.374594,173,200.229834
0.592291,171,200.334311
0.365525,165,200.432385
0.110635,164,200.530731
-0.364964,160,200.625692
0.338386,166,200.726771
0.443681,168,200.82872
0.249189,165,200.927914
0.615178,174,201.033598
0.768175,165,201.131589
0.500264,164,201.228263
0.265163,169,201.329849
0.49642,162,201.942834
0.365294,161,202.037899
0.592495,161,202.13295
0.191329,164,202.230992
0.381061,160,202.343133
0.480146,166,202.443327
0.596785,165,202.540201
0.179227,161,202.634397
0.569946,164,202.732816
0.663056,167,202.833669
0.641512,167,202.934411
0.451694,158,203.02808
0.368763,163,203.651061
0.391063,173,203.758088
0.403977,160,203.852368
-0.059034,162,203.947691
0.211768,166,204.048084
0.177496,165,204.146284
0.114915,164,204.243338
0.28503,162,204.34007
0.677207,168,204.440991
0.272048,163,204.538766
0.243007,163,204.636943
0.480517,164,204.735679
0.292281,164,204.832864
0.627393,173,205.459864
0.493798,161,205.556006
0.454056,169,205.658897
0.534687,159,205.751788
0.309045,168,205.852354
0.291121,165,205.95008
0.492008,163,206.046618
0.763043,171,206.150127
0.64415,159,206.243494
0.375222,163,206.33947
0.248627,166,206.437596
0.396297,161,206.531867
-0.350565,166,207.153211
-0.351161,168,207.254618
0.149548,182,207.366796
0.350674,163,207.46408
0.980402,166,207.564119
0.544987,159,207.657289
0.91076,164,207.75708
0.621536,162,207.853862
0.417038,163,207.951288
0.248787,161,208.048039
0.407713,162,208.146201
0.064064,169,208.249574
0.604793,164,208.347876
-0.174135,163,208.970152
0.452484,161,209.066879
0.494274,161,209.163238
0.59663,160,209.258484
0.795786,161,209.353788
0.787583,162,209.450884
0.620347,162,209.547217
0.019639,167,209.648237
0.506492,161,209.744715
-0.022997,163,209.842035
0.553947,164,209.939589
0.856284,164,210.037722
0.520642,167,210.656216
0.527428,161,210.751021
0.307185,158,210.843322
0.61018,168,210.944021
0.745607,166,211.043837
0.284116,177,211.154256
0.158238,160,211.247454
0.660121,164,211.345018
0.557144,159,211.43753
0.577008,161,211.532217
0.571464,163,211.628303
0.633842,161,211.723175
0.627795,181,211.833534
0.269952,160,212.463704
0.26822,166,212.564628
-0.020014,172,212.670869
0.479289,162,212.768809
0.483131,172,212.8734
0.338603,163,212.971397
0.049826,160,213.066366
-0.076153,165,213.166467
0.343902,161,213.261982
0.320257,160,213.356392
0.208462,161,213.452051
0.78884,174,213.557417
0.396763,163,214.178009
0.037795,159,214.273375
0.503379,159,214.367518
-0.131619,175,214.475995
0.620531,164,214.575189
0.242765,163,214.672673
0.32505,159,214.767591
0.304049,158,214.861535
0.200795,164,214.96029
0.321317,166,215.061352
0.479522,161,215.158439
0.191545,170,215.261403
0.709616,160,215.355659
-0.014459,158,215.967703
0.548081,160,216.061325
0.587653,164,216.160086
0.712624,159,216.255248
0.43063,162,216.351264
0.503976,176,216.457502
0.266909,164,216.554919
0.52078,158,216.65712
0.534053,169,216.762269
0.544129,161,216.85822
0.466735,160,216.952794
0.496509,160,217.048306
0.139424,158,217.665403
0.78001,162,217.763092
0.005163,165,217.861678
0.153342,164,217.960895
0.486637,163,218.058723
0.381377,160,218.153085
0.805322,166,218.253973
0.390431,166,218.353938
0.324031,160,218.447965
0.530523,163,218.544036
0.517135,161,218.638846
0.845571,163,218.735645
-0.058855,169,218.836714
0.471082,168,219.459466
0.40597,163,219.555986
0.53112,167,219.654761
0.582057,164,219.752491
0.447105,162,219.848401
0.504148,159,219.94303
0.715665,160,220.036846
0.516979,163,220.133216
-0.19082,168,220.235095
0.549852,174,220.340654
0.470257,161,220.436109
0.514586,161,220.53136
0.432841,161,221.144711
0.187319,163,221.242786
0.69856,162,221.339278
0.424176,166,221.437344
-0.05064,161,221.531447
0.670797,163,221.627503
0.591279,162,221.722849
0.677426,163,221.819076
0.105759,165,221.92843
0.383925,167,222.029208
0.460309,161,222.125866
0.347067,160,222.221733
0.218724,165,222.322105
0.548133,160,222.942746
0.625522,160,223.036828
0.288681,161,223.131696
0.168,165,223.230189
0.675946,159,223.323602
0.532906,158,223.416963
0.161067,161,223.512955
0.609378,162,223.608831
0.158364,165,223.707391
0.336301,159,223.800973
0.330417,161,223.896329
0.425638,158,223.988844
0.69307,162,224.084592
0.334496,160,224.705055
0.198433,166,224.803694
0.165966,177,224.915029
0.423821,170,225.018982
0.568934,163,225.11566
0.397825,162,225.211597
0.772279,163,225.309024
0.239242,163,225.405874
-0.044008,163,225.502484
0.617934,170,225.604286
0.711988,160,225.698278
0.626205,162,225.794966
0.524975,159,226.410159
0.629647,159,226.504539
0.416576,161,226.600902
0.399206,169,226.70333
0.672053,161,226.799189
0.487207,161,226.895675
-0.009672,172,227.000543
0.554712,160,227.095505
0.348872,169,227.19681
0.300119,158,227.289941
0.699446,162,227.387407
0.322621,160,227.48281
0.611569,162,227.578623
0.076987,164,228.199233
0.529944,161,228.29403
-0.13195,162,228.390266
0.334618,160,228.484045
0.644598,171,228.586185
0.184779,164,228.683441
0.363292,159,228.776432
0.234303,160,228.870736
0.317336,163,228.966484
0.53111,159,229.059956
0.533539,162,229.156077
0.671742,163,229.252077
0.711167,163,229.869728
0.580448,160,229.964626
0.379705,162,230.0604
0.429382,163,230.15752
0.782606,158,230.24953
0.651093,163,230.346893
0.666619,164,230.443548
0.601124,162,230.539378
0.832205,159,230.632695
0.519512,160,230.729334
0.552415,160,230.824831
0.557654,165,230.923298
0.649055,163,231.036401
0.155303,161,231.651567
0.542476,161,231.746626
0.744256,161,231.842325
0.037886,159,231.935746
0.16553,165,232.03366
0.578761,164,232.131398
0.364963,164,232.228223
0.243071,161,232.323433
0.461938,163,232.422486
0.443511,160,232.517329
-0.108255,162,232.614099
0.287245,166,232.714569
0.530184,158,232.808079
0.270033,167,233.429407
0.410422,164,233.528243
0.243729,159,233.621954
0.489872,161,233.717783
0.860234,166,233.81648
0.218283,158,233.909224
0.563445,159,234.002753
0.817034,165,234.100522
0.818306,162,234.195334
0.627249,162,234.291421
0.418651,163,234.387664
0.510791,166,234.486692
0.575704,162,235.104683
0.357345,160,235.201176
0.41631,172,235.306447
0.370942,160,235.401589
0.130797,163,235.498311
0.539323,162,235.593893
0.662107,163,235.689518
0.434229,163,235.785532
0.54504,168,235.886528
0.325493,161,235.980833
0.549791,160,236.074151
0.48523,160,236.168154
0.587238,159,236.260945
0.372102,163,236.874933
0.676634,161,236.970893
0.128708,164,237.069566
0.236853,164,237.168054
0.545305,164,237.266583
0.337872,163,237.36446
0.207575,161,237.46119
0.700477,163,237.558189
0.195441,167,237.658407
0.831763,160,237.753298
0.608037,167,237.854206
0.213277,164,237.952825
0.397708,165,238.571595
0.501844,164,238.670849
0.311114,170,238.775467
0.200007,160,238.871095
0.605223,159,238.965473
0.49909,159,239.059914
0.312847,159,239.154682
0.357688,162,239.251874
0.42911,163,239.35007
0.685635,166,239.449701
0.2471,159,239.543532
0.777167,163,239.640526
0.339397,162,239.736444
0.367189,168,240.358445
0.39955,164,240.457524
0.522623,162,240.554785
0.396424,161,240.650764
0.195452,162,240.747775
0.21631,161,240.843433
0.634742,163,240.941967
0.063109,159,241.03641
0.442582,177,241.144323
0.520013,162,241.241018
0.173468,163,241.338283
0.049147,163,241.435433
0.424766,161,242.065008
0.262797,164,242.163412
0.573607,161,242.259235
0.683962,160,242.353834
0.566659,160,242.457514
0.525899,163,242.556497
0.260508,160,242.652096
0.563722,163,242.750084
0.258747,162,242.847299
0.40954,163,242.944624
-0.236782,162,243.040594
0.706041,170,243.14328
0.629233,164,243.240183
0.652772,163,243.86089
0.773594,180,243.972637
0.628587,161,244.06896
0.612565,165,244.167785
0.683728,162,244.265124
0.707409,163,244.363093
0.525607,162,244.459635
0.693096,162,244.555277
0.077804,163,244.653052
0.430969,168,244.754085
0.54648,161,244.849076
0.401887,163,244.945333
0.567927,164,245.042852
0.401136,163,245.681028
0.803613,167,245.782464
0.69678,164,245.881596
0.719421,165,245.984966
0.633437,159,246.079024
0.4748,173,246.184687
0.448815,162,246.281158
0.174721,162,246.378127
0.289598,162,246.474554
0.410206,161,246.570167
0.509217,161,246.666283
0.894433,167,246.766898
0.260507,160,247.382142
0.693006,165,247.482041
0.622855,165,247.581677
0.756867,161,247.676957
0.415504,173,247.783219
0.269998,167,247.885739
0.15478,161,247.981382
0.369633,162,248.077991
0.264199,161,248.178249
0.723702,173,248.282773
0.466476,164,248.380516
0.478625,161,248.476154
0.311041,176,249.104794
0.177954,163,249.203268
0.741,166,249.303286
0.626191,162,249.399928
0.71176,159,249.494722
0.580233,163,249.590915
0.700639,162,249.686709
0.79661,159,249.781038
0.636616,160,249.875543
0.539021,163,249.971321
0.686863,164,250.068783
0.781567,159,250.161866
0.308998,159,250.255347
0.766677,161,250.873505
-0.049884,172,250.97869
1.017739,164,251.076341
0.655672,165,251.174867
0.400113,163,251.270705
0.06471,176,251.377708
0.460305,160,251.470867
0.723901,163,251.566664
0.610114,159,251.660013
0.541865,166,251.758278
0.465662,163,251.854522
0.24735,164,251.952603
0.659457,165,252.050611
0.432778,159,252.670052
0.661117,164,252.770329
0.347593,160,252.8655
-0.063383,169,252.967945
0.467933,161,253.06391
0.157383,161,253.159787
0.613059,160,253.254876
0.72373,161,253.350135
0.618418,165,253.448384
0.778281,160,253.542935
0.578526,159,253.635986
0.857326,165,253.734291
1.189389,176,254.360772
0.606679,162,254.457823
0.459319,166,254.55644
0.164055,166,254.655828
0.564871,164,254.753406
0.395942,163,254.849736
0.448637,162,254.945839
0.439485,160,255.040031
0.105344,164,255.137539
0.760845,166,255.238358
0.56518,164,255.335843
0.486638,162,255.431049
0.498027,161,255.525377
0.424183,167,256.148034
0.826073,172,256.254753
0.645993,166,256.355176
0.53789,164,256.453427
0.536977,158,256.54683
0.755705,166,256.647236
0.589154,163,256.744375
0.45252,163,256.841104
0.624201,165,256.939538
0.44316,164,257.036587
0.515311,164,257.13373
0.641485,163,257.230835
