#{"t_start": 1776903401.635051, "env_id": "BDXCourseProjectWalk-v0"}
r,l,t
2.265834,160,1.204714
1.518823,164,1.412923
3.159449,160,1.612421
10.739213,179,1.831607
1.309192,177,2.044039
8.686398,172,2.231008
8.947768,218,2.499508
2.908802,190,2.724886
9.258604,212,3.038283
3.87158,182,3.236898
3.691542,178,3.420413
3.176261,169,3.624296
10.281887,226,3.914607
1.283271,191,4.154514
9.094734,214,4.424087
0.256725,174,4.641688
0.333211,163,4.838651
3.878428,185,5.07053
7.439399,185,5.299943
3.19383,187,5.512243
4.205901,169,5.704925
3.060414,174,5.907143
4.757516,172,6.114805
3.959234,163,6.305249
4.602253,179,6.520369
3.392326,171,6.721865
3.834613,169,6.916861
3.914432,172,7.134291
3.92439,165,7.33982
0.143632,171,7.52683
3.556134,187,7.757812
1.326959,159,7.938042
2.011541,158,8.205017
2.910921,175,8.444225
1.068771,153,8.651984
2.770818,175,8.899539
0.91215,163,9.094276
0.955583,149,9.269858
0.726583,149,9.48125
1.283539,153,9.661364
1.172713,153,9.843373
1.887953,158,10.034526
1.292165,150,10.24029
1.518646,173,10.544812
3.554556,174,10.773983
2.671208,166,11.020839
2.167072,176,11.293917
2.676315,164,11.576556
1.761219,166,11.808051
1.195503,180,12.039733
3.649718,157,12.241436
2.792721,164,12.518562
2.990537,162,12.763523
3.423262,167,13.027857
0.854956,169,13.268845
3.080079,175,13.549918
1.476009,168,13.834115
2.704241,158,14.119011
3.906418,157,14.366441
3.937464,154,14.677593
2.647809,156,14.956983
2.524713,174,15.195616
1.709899,179,15.463126
5.312797,179,15.769913
2.941551,174,16.09599
3.250513,162,16.368323
2.543343,173,16.642659
2.144062,163,16.921229
5.660138,179,17.247707
4.288113,170,17.545602
2.740327,162,17.796239
1.594932,157,18.024157
2.043654,176,18.328192
1.634405,172,18.68516
0.038426,173,19.001181
-0.843999,193,19.521837
3.0501,175,20.133201
3.974107,169,20.604876
7.456169,203,21.306637
2.255819,178,21.894501
2.161275,171,22.370122
5.486806,192,23.011155
5.539658,197,23.721356
3.080392,193,24.325001
6.598702,195,24.825794
5.575304,188,25.196917
7.098773,204,25.515981
6.395009,186,25.790066
2.70216,181,26.064492
7.731751,184,26.400682
6.366455,197,26.807414
5.631181,197,27.096404
5.188969,196,27.460754
2.723854,160,27.781534
2.104432,170,28.148951
6.430321,197,28.505015
3.92056,159,28.801222
4.473395,196,29.215497
4.899592,207,29.663519
7.192139,212,30.125414
7.849815,212,30.599339
7.452054,221,31.052102
4.884713,208,31.524247
4.18993,187,31.949226
4.452778,183,32.268553
6.038948,200,32.751505
5.37567,186,33.299862
5.822096,195,33.960299
6.416623,198,34.635651
6.959891,211,35.332273
4.833668,195,36.071194
3.665223,190,36.659601
4.498924,191,37.316541
6.40687,226,38.18168
7.089359,216,38.879878
2.391524,164,39.145754
2.135912,178,39.45949
0.825831,186,39.80722
3.564612,191,40.165803
4.29377,200,40.637707
0.943374,196,41.143708
2.439674,187,41.555561
4.801442,191,42.005731
2.20748,181,42.43415
2.047945,173,42.880321
1.944166,177,43.244376
1.758915,191,43.776606
2.865863,188,44.261693
2.134685,173,44.616552
1.88622,206,45.130342
3.320579,198,45.650786
2.809001,196,46.248936
3.652629,195,47.048448
0.657758,193,47.886383
-0.202372,185,48.713603
1.095928,166,49.285569
0.975374,188,50.086194
1.205587,186,50.886181
0.90634,174,51.613804
1.064348,177,52.431854
2.108495,182,53.227292
1.888182,190,54.146387
1.595543,185,54.650161
2.725864,182,55.041286
1.117375,181,55.479165
0.448718,184,55.900744
1.938375,181,56.366854
2.846947,182,56.826588
3.721532,193,57.385411
1.750708,187,57.854383
2.803438,184,58.295248
1.614367,169,58.659447
3.91621,199,59.227942
3.14106,187,59.784906
2.477882,179,60.330086
1.88025,169,60.872507
3.842399,194,61.582657
2.580759,176,62.229787
1.71734,157,62.655919
3.040669,191,63.388992
3.306067,184,63.963408
4.146065,174,64.441678
2.485897,171,64.949986
4.072395,187,65.46246
4.285918,181,66.040765
5.458925,185,66.626925
2.399906,165,67.359397
3.057107,176,68.448195
2.168473,162,70.731302
4.114828,182,73.652312
4.002961,169,75.480575
4.747919,184,77.666138
3.375491,172,79.048294
3.777561,182,80.490082
5.419383,182,82.852779
2.303933,155,84.769827
1.040144,158,86.195166
2.340872,158,87.512623
2.179995,166,88.471173
3.240362,162,88.985118
4.050475,173,89.650319
3.59369,169,90.141883
3.587876,170,90.547577
2.249578,169,91.039819
3.655763,167,91.42063
2.175278,183,91.892384
4.140774,183,92.525697
1.226506,157,93.179966
2.094529,156,93.532108
2.413581,159,93.866699
1.636453,155,94.147481
3.12233,163,94.495386
1.68839,156,94.870804
2.4179,153,95.18993
1.723171,151,95.501271
1.75729,151,95.790091
1.592925,152,96.237702
1.353643,152,96.556703
1.679326,153,96.900319
1.445135,152,97.213366
1.345271,151,97.479805
1.515214,153,97.768959
1.545329,154,98.095546
1.639081,151,98.489867
2.190515,151,98.756209
2.35849,151,99.050868
3.135357,152,99.292676
1.82194,151,99.686563
1.568174,152,100.119796
1.820005,151,100.378627
1.75611,149,100.686097
2.270574,151,101.024257
1.635208,151,101.485793
3.396487,151,101.911657
2.122224,150,102.32027
1.796902,150,102.681212
1.629646,151,103.166434
1.91998,150,103.550399
2.116938,153,103.957522
1.762579,151,104.319765
1.705359,150,104.707604
1.70497,151,105.094959
1.910203,152,105.523002
2.911005,153,105.927013
1.795288,151,106.285689
3.122546,153,106.564525
1.766718,151,106.897215
1.659462,151,107.324728
2.051342,155,107.763713
1.675084,151,108.162873
1.639687,153,108.584196
1.997719,153,108.994634
2.58321,161,109.425978
3.086338,157,109.781941
0.936914,158,110.229083
1.358497,161,110.655663
2.150487,160,111.108787
0.924157,154,111.455442
7.310434,178,111.912393
2.190951,164,112.403939
3.773714,170,112.900472
6.947279,173,113.381105
4.106218,169,113.97988
3.451933,171,114.479652
5.344534,171,114.928295
4.817744,170,115.305879
3.814689,171,115.735305
3.207492,172,116.148894
5.188256,175,116.550302
9.790177,213,117.219153
5.942467,177,117.610677
9.093331,187,118.198194
9.125866,179,119.018732
2.730822,162,119.439382
6.29298,174,119.902622
0.920465,166,120.4804
3.655606,172,121.152019
2.072488,158,121.62253
0.994312,155,122.113862
3.16874,158,122.68394
1.032167,156,123.099051
1.400716,155,123.517748
1.495962,156,123.97456
1.599718,155,124.495182
1.278371,155,124.994605
2.037674,157,125.476074
1.790012,156,125.917057
1.721387,156,126.340297
2.205929,158,126.751817
0.905493,161,127.212983
2.213853,159,127.746072
2.486822,158,128.23418
2.430534,159,128.710987
2.034611,159,129.13843
2.246829,159,129.499574
2.04454,159,129.932064
2.170912,159,130.377159
2.191196,159,130.906772
2.307981,158,131.302909
2.045884,159,131.715404
2.419516,158,132.096973
2.147343,157,132.44804
2.013505,159,132.858278
1.845988,156,133.249862
3.31689,158,133.613105
2.530728,158,134.057503
2.273599,158,134.462975
1.983764,157,134.868177
2.109814,162,135.245009
2.042908,158,135.609534
1.881114,156,135.916865
2.065095,156,136.302921
1.886601,159,136.618683
1.778572,160,137.083502
2.248464,162,137.474162
1.706159,167,137.878125
1.724893,160,138.235205
2.427886,163,138.595133
1.976792,162,138.997184
2.159165,164,139.366316
2.178244,160,139.680718
1.157304,158,140.069372
1.625675,161,140.377387
1.672406,155,140.860819
0.30976,161,141.361794
1.181558,156,141.75369
1.902598,157,142.108023
1.828692,156,142.460165
2.07864,159,142.78698
1.75395,159,143.10064
2.01413,159,143.486293
2.250571,159,143.972561
2.445729,159,144.456391
2.076343,159,144.758994
2.153258,159,145.128863
1.918455,159,145.470165
2.066183,158,145.774419
1.858827,160,146.233522
1.670699,160,146.750456
1.933104,160,147.263394
1.824147,159,147.654797
1.966843,159,147.981199
2.290436,159,148.294219
2.018561,156,148.659556
4.95754,160,149.044527
5.913352,160,149.502345
2.182414,158,149.927019
3.097526,159,150.319189
2.877849,159,150.647775
6.171432,164,151.011972
5.51793,161,151.35092
5.894127,165,151.862139
6.359016,166,152.381607
7.04715,169,152.891073
7.51788,173,153.392429
6.140263,167,153.724426
6.975463,171,154.206829
7.040412,171,154.595042
6.933918,168,155.048562
6.497587,170,155.458766
7.460157,169,155.823492
6.930582,170,156.304769
7.026688,169,156.692421
6.423304,164,157.059285
6.895731,165,157.373405
7.132496,164,157.638752
5.750208,165,158.048762
6.452156,166,158.536757
3.560688,160,158.959086
5.661469,162,159.409752
7.022247,166,159.768383
5.388829,163,160.126423
3.585371,160,160.451116
5.775408,164,161.075646
6.207061,164,161.46507
6.106837,165,161.857931
6.704186,167,162.17497
6.917943,167,162.596747
6.151636,161,163.004014
5.13966,161,163.383587
5.335107,162,163.75178
4.745885,163,164.170487
5.294945,162,164.551913
2.413174,159,164.934944
2.809287,160,165.370448
5.18175,161,165.887994
6.535833,161,166.230681
5.23399,160,166.571111
2.885316,158,166.861592
3.946855,160,167.336545
6.445219,162,167.636734
5.040072,164,167.927076
2.162178,160,168.156266
4.991986,161,168.40107
5.007603,163,168.650961
2.075504,159,168.89871
5.33783,160,169.148982
5.18759,162,169.420287
2.263148,160,169.638169
6.889634,169,169.902057
7.340579,169,170.155657
5.419112,166,170.405224
6.777453,165,170.675299
6.866007,166,170.923181
7.0025,170,171.234333
6.852952,168,171.499083
7.300459,173,171.779774
7.100873,176,172.073878
7.3973,174,172.326957
6.793319,169,172.592059
5.763117,162,172.851965
3.372303,161,173.114515
4.739281,163,173.364167
7.095297,168,173.600481
6.256877,162,173.93574
2.975366,162,174.32061
6.708627,170,174.613923
6.204842,169,174.881169
6.97706,175,175.159243
6.486161,174,175.437379
7.14796,178,175.718564
6.546583,167,175.995217
4.82859,165,176.245321
6.028422,165,176.502461
5.903369,169,176.763743
4.534104,166,177.030129
5.959313,172,177.303171
7.378754,171,177.568602
7.468623,169,177.798371
6.03107,168,178.036152
5.347214,163,178.29947
5.153771,164,178.55392
6.309745,169,178.816879
4.018468,159,179.085927
4.557884,165,179.326217
3.870426,165,179.575433
1.980694,159,179.832519
2.150013,160,180.084973
3.571953,161,180.322473
5.079615,167,180.56618
2.415988,161,180.794589
4.795232,159,181.053293
3.038854,160,181.28841
2.038301,158,181.535498
2.050773,157,181.753731
2.443689,158,181.991112
2.149651,158,182.208385
4.692838,159,182.449628
3.508474,163,182.69608
1.647189,158,182.960258
2.150817,157,183.304529
1.958586,159,183.5173
1.916806,159,183.750885
1.741011,162,184.012394
5.201055,165,184.264392
2.860251,163,184.497184
7.96463,174,184.750603
4.932267,165,185.031258
8.857139,180,185.314649
6.96689,168,185.569476
8.009617,180,185.837865
6.012684,172,186.118998
5.791401,168,186.352535
5.050652,163,186.592067
6.283113,169,186.866829
5.053607,164,187.125382
5.220597,161,187.366317
6.171636,164,187.585615
4.611733,162,187.817084
2.832616,161,188.065796
4.731787,165,188.316349
1.947532,161,188.56528
2.040632,160,188.792968
1.809316,160,189.014857
2.367136,162,189.254163
2.337826,159,189.458247
5.394374,161,189.690161
2.447519,159,189.925811
2.344475,160,190.174814
6.922378,165,190.404803
5.973942,166,190.655947
1.955423,159,190.893778
4.739028,162,191.149888
2.037596,158,191.412605
2.557021,161,191.62472
5.210239,161,191.911405
2.325183,159,192.146645
4.146743,163,192.391558
5.49995,167,192.645527
5.323415,166,192.895347
6.491739,169,193.123201
6.995744,168,193.377321
5.567386,163,193.62995
7.92044,177,193.904275
7.887597,180,194.191238
7.502737,172,194.450571
6.606139,169,194.698491
2.460192,162,194.94093
5.711789,165,195.213862
8.19562,174,195.473715
6.54871,163,195.737673
7.163963,176,196.040027
7.171268,176,196.354689
6.85747,167,196.79683
5.65452,166,197.260424
6.481233,161,197.706592
7.012834,174,198.192059
5.46557,165,198.564593
6.480259,169,199.086425
6.592961,169,199.587193
6.742679,170,200.015958
6.944824,172,200.544073
6.661397,169,201.016217
7.395574,170,201.332108
6.977329,170,201.82399
6.882261,171,202.33547
6.641505,169,202.666258
6.838108,170,202.915387
6.668482,170,203.207484
6.82727,170,203.517626
6.786441,169,203.774628
6.84234,169,204.038855
7.079646,170,204.319174
6.865868,171,204.587076
6.910189,172,204.854378
6.817836,172,205.107166
6.825333,171,205.368328
6.830761,172,205.607735
6.749914,171,205.873073
6.83613,170,206.25345
6.700287,171,206.565807
6.902172,172,206.857061
7.046989,171,207.13526
7.006723,170,207.39936
6.801143,169,207.692132
6.948328,171,207.930036
6.692257,170,208.202599
7.011686,170,208.469506
6.654821,170,208.734083
6.766901,170,208.981984
6.85421,172,209.236601
6.863796,172,209.522581
6.948342,171,209.785134
6.341851,169,210.053996
6.656279,169,210.324225
6.91347,172,210.570392
6.837674,172,210.994431
6.926862,179,211.480036
7.059841,174,211.931174
6.501914,169,212.208976
6.890015,172,212.604414
6.953943,171,212.989632
6.679572,179,213.407616
6.769568,170,213.671691
6.533619,165,213.933309
6.410961,167,214.224065
7.391904,169,214.492872
6.807744,171,214.765216
6.950929,173,215.040115
6.846625,172,215.322995
6.611246,170,215.589154
6.383576,174,215.867125
6.912776,168,216.153855
6.542211,172,216.398557
6.868189,173,216.822591
6.668275,175,217.101849
7.185609,169,217.382143
7.867778,175,217.668429
6.692791,172,217.91881
7.583901,172,218.202405
6.801387,171,218.489449
6.40652,168,218.867017
6.155324,169,219.288308
7.211748,173,219.563347
7.169345,170,219.84683
7.568477,175,220.178042
6.315855,169,220.835244
5.886155,165,222.026076
4.797618,165,222.639038
4.976266,167,222.979592
6.770642,170,223.346634
6.340256,166,223.659009
3.87948,162,223.922696
5.988055,167,224.195475
4.861083,169,224.444513
4.341249,158,224.699575
4.979749,165,224.956579
5.520828,168,225.226299
4.193082,157,225.461299
4.161846,165,225.700816
4.724387,163,225.920193
4.971027,168,226.222976
5.870374,167,226.542428
4.393339,161,226.798593
4.676546,163,227.051891
6.664185,164,227.417758
6.646897,163,227.78715
5.003263,164,228.064318
6.359847,160,228.39215
5.758542,160,228.653901
4.224247,160,228.891827
5.87666,164,229.158086
7.259299,160,229.397413
5.968934,164,229.630258
7.595454,171,229.919183
6.688333,169,230.178793
6.067304,168,230.461146
7.566096,173,230.747671
5.143846,164,231.002276
4.999114,168,231.278828
6.885957,172,231.528918
6.859961,168,231.80511
6.638472,171,232.080761
7.076559,175,232.360727
7.162059,175,232.639861
7.16809,172,232.887121
6.936249,174,233.167117
4.872342,164,233.419368
4.011435,162,233.658691
4.688964,164,233.924821
5.054391,166,234.190919
5.613604,171,234.482018
5.990629,163,234.736218
6.607589,170,235.015596
6.191324,169,235.28505
6.898046,170,235.530433
6.760846,168,235.78028
6.696829,170,236.069749
7.512782,171,236.349701
7.918773,175,236.636589
7.246843,182,237.131893
7.239993,173,237.439134
6.406266,169,237.774135
6.771788,168,238.17486
6.318551,167,238.48316
5.872111,169,238.841334
6.557862,165,239.103396
5.989124,162,239.369929
6.616546,166,239.692538
6.088155,162,240.017924
6.051571,161,240.299907
5.67752,164,240.568837
6.971724,163,240.815877
7.234234,172,241.080879
5.558189,170,241.348688
6.728419,170,241.588102
7.253514,167,241.842855
6.642813,167,242.107462
7.730393,164,242.385774
7.624478,171,242.650854
7.165342,164,242.922168
6.665433,168,243.201727
4.83604,166,243.562806
5.818546,165,243.796306
7.024728,165,244.073315
6.713444,171,244.356398
3.968716,162,244.602827
5.131282,168,244.860109
4.874009,165,245.10953
5.357489,162,245.333968
4.738883,167,245.596042
4.309021,170,245.873175
5.545145,165,246.137868
5.589027,168,246.39711
5.99987,170,246.625621
6.13118,166,246.867687
8.475489,174,247.137388
7.939439,183,247.44962
6.46799,169,247.697974
9.552065,194,247.982327
9.027553,182,248.280507
11.772414,201,248.604987
9.738325,189,248.893686
8.62532,190,249.318727
10.103831,201,249.707707
8.739166,185,250.062942
8.200861,179,250.602055
7.435288,179,250.914931
8.768414,186,251.303743
7.862429,180,251.769368
8.706378,197,252.216167
10.090032,195,252.54874
10.190343,195,252.877515
11.814038,197,253.238113
9.460155,192,253.562125
11.525669,197,253.870948
11.501561,192,254.184376
10.041033,190,254.48283
10.381856,195,254.790986
9.805804,193,255.146327
9.949918,195,255.459302
10.533723,194,255.783533
12.153427,208,256.166791
10.516685,202,256.569094
10.522645,194,257.110476
11.203436,196,257.625474
11.471797,196,257.929873
10.728673,195,258.258835
8.909033,189,258.604738
10.207759,195,258.929084
10.053037,195,259.274846
9.836469,194,259.572385
9.25845,191,259.899907
10.174394,195,260.227559
9.751458,195,260.581844
10.62779,194,260.894548
9.061912,188,261.222743
9.068593,187,261.517063
9.875432,192,261.820241
7.195181,184,262.129752
9.512844,190,262.419681
7.698601,183,262.704758
9.257397,191,263.004293
10.704049,188,263.312784
10.793689,198,263.612242
11.890442,194,263.938228
11.453833,192,264.255155
11.229826,193,264.559078
11.231733,192,264.861201
11.38077,196,265.175827
11.246327,199,265.503076
8.050533,188,265.801017
11.806015,193,266.13025
9.73486,195,266.43517
11.058015,192,266.750222
11.860092,194,267.225362
11.503616,195,267.558163
10.103375,198,268.009549
10.829226,196,268.330052
11.248946,199,268.671419
11.814531,195,269.001089
11.874472,196,269.314792
10.859612,192,269.604151
10.341559,194,269.93918
9.841,193,270.297563
9.821593,192,270.805899
10.098187,194,271.31176
9.897195,191,271.771966
9.449838,190,272.221817
10.063203,195,272.678287
10.130789,193,273.136705
8.900321,188,273.531222
10.255029,194,273.953803
7.733271,182,274.48563
9.876471,195,274.860799
9.447901,192,275.210732
9.646505,191,275.520324
9.637421,191,275.851093
8.600055,178,276.152263
10.742216,188,276.491695
9.159596,183,276.781055
8.931987,177,277.047348
9.734682,175,277.334019
9.378981,176,277.575456
9.578809,177,277.842065
9.480148,179,278.13874
9.543634,180,278.39911
9.096556,176,278.905853
9.249057,181,279.204434
10.553352,179,279.481977
8.714556,187,279.803617
8.677586,187,280.113179
8.979911,188,280.427938
10.489628,195,280.752918
9.603661,194,281.061457
11.947501,197,281.36921
12.365932,199,281.725937
9.740391,192,282.030619
9.778423,198,282.362089
9.355055,196,282.656264
9.060064,189,282.954827
9.622242,195,283.297674
9.704625,196,283.611714
9.158202,190,283.886019
9.684066,192,284.188135
10.107598,197,284.501416
10.719996,196,284.835839
8.221109,188,285.080355
9.67808,192,285.389471
7.791869,183,285.671918
10.125342,196,285.980672
10.118373,196,286.310903
6.839546,178,286.583726
7.756678,178,286.851392
7.034309,172,287.136727
6.292707,173,287.407651
7.888162,178,287.658355
7.914631,177,287.946602
9.698126,188,288.266991
7.154017,179,288.529714
8.234588,179,288.796691
10.536738,195,289.092637
6.463466,176,289.383599
11.097102,198,289.696588
9.700573,196,290.031257
9.342421,193,290.339902
6.707813,177,290.594389
6.146577,173,290.84684
7.883871,179,291.12003
5.630749,168,291.392495
7.370409,181,291.653607
7.879928,178,291.909665
5.990192,173,292.16425
8.50708,188,292.440245
7.121526,178,292.706796
7.770843,190,292.98954
8.478351,176,293.27641
6.605914,175,293.551711
5.215211,169,293.796038
5.05569,167,294.037537
4.137575,165,294.280162
6.523944,172,294.61315
5.350055,176,294.900084
4.280542,172,295.148489
5.195643,168,295.404467
3.908874,165,295.627328
6.324702,170,295.865804
5.743017,170,296.097499
5.525341,166,296.359004
6.388712,176,296.632295
3.076508,167,296.878979
6.359744,166,297.119562
5.589326,172,297.386707
6.720477,168,297.629843
6.074948,167,297.870707
3.736186,176,298.104926
7.724611,193,298.448658
7.302747,173,298.7053
5.531678,164,298.942144
7.223725,171,299.198826
7.286183,186,299.468854
6.953079,171,299.696982
7.47764,188,300.028069
6.507398,170,300.297099
8.070144,174,300.597126
7.676262,172,300.857335
8.219265,174,301.173251
8.80698,179,301.607103
9.06611,197,302.068274
10.012969,206,302.472514
6.645427,167,302.883427
9.620322,200,303.25397
9.853481,197,303.553139
7.047813,197,303.868503
10.054376,205,304.210974
6.491666,170,304.473447
8.37206,207,304.814492
7.678211,176,305.06891
7.719624,175,305.373509
5.610786,174,305.640989
7.636491,177,305.909177
7.768959,182,306.177033
8.70779,183,306.48104
7.468598,166,306.734773
8.373762,165,307.104576
7.327508,160,307.341237
8.016375,165,307.592569
7.452059,176,307.848949
8.113533,157,308.094768
7.246028,157,308.457232
6.791566,161,308.883485
7.690849,158,309.100621
8.080048,155,309.344102
5.747766,155,309.572106
8.105177,157,309.795087
7.195324,156,310.013373
8.091775,156,310.236237
4.352061,155,310.486376
3.424681,155,310.716781
4.499594,154,310.93048
5.39087,155,311.134469
3.585149,154,311.362904
3.54352,155,311.586602
3.678078,155,311.786161
4.28821,155,312.006266
4.070033,155,312.289352
3.45409,154,312.522935
6.089538,155,312.747543
6.548614,156,312.965695
4.437524,155,313.163321
3.392375,155,313.407245
4.85736,155,313.652293
3.065926,155,313.874968
3.059978,155,314.094195
3.33354,155,314.316003
6.921733,155,314.514774
3.217701,155,314.712854
3.926182,154,314.926718
3.134652,155,315.141449
3.844622,155,315.397455
4.592972,156,315.632017
6.369756,156,315.830662
8.257499,157,316.072653
5.374806,156,316.306517
7.981528,173,316.571942
8.083013,179,316.847745
9.237114,209,317.200297
7.897027,202,317.559733
11.813615,211,317.923894
10.521366,202,318.256717
10.047716,195,318.538507
10.04999,195,318.866698
9.552414,218,319.2493
9.874539,196,319.581057
12.2829,209,319.917773
9.83371,197,320.248724
7.748763,199,320.611115
9.835046,197,320.934008
10.081097,195,321.53574
10.08856,195,322.173912
9.499302,195,322.766311
8.899919,198,323.202414
8.223516,201,324.211386
8.771604,202,324.938784
10.056291,195,325.477433
10.478183,202,326.227377
10.095467,195,326.797643
12.583862,212,327.667858
10.384684,206,328.352781
8.836005,194,328.912864
6.891018,195,329.378175
10.47749,202,329.773327
10.229653,200,330.131564
11.208912,205,330.558225
10.056319,195,330.933066
10.062171,195,331.316839
10.056349,195,331.638358
10.051702,195,331.980747
10.052793,195,332.327098
10.051229,195,332.690647
10.0518,195,333.041229
10.051823,195,333.408508
10.052283,195,333.735382
10.051621,195,334.034841
10.051229,195,334.382439
10.051862,195,334.721846
10.051229,195,335.043006
10.051331,195,335.361118
10.050872,195,335.67941
10.051701,195,336.022678
10.052107,195,336.395174
10.051229,195,336.718228
10.051229,195,337.034856
10.051229,195,337.36765
10.051727,195,337.720349
10.051775,195,338.030663
10.053229,195,338.356269
10.051366,195,338.803677
10.051231,195,339.252028
10.07544,196,339.724655
10.03732,195,340.063265
10.052115,195,340.392122
10.051229,195,340.715904
10.052033,195,341.046736
10.05317,195,341.398306
10.021871,195,341.732684
10.051644,195,342.045589
10.051229,195,342.351487
10.051229,195,342.692139
10.032273,195,343.103715
10.051229,195,343.439773
10.051448,195,343.75561
10.051719,195,344.08186
10.052814,195,344.404878
10.051672,195,344.739826
10.049421,195,345.046624
10.051849,195,345.38148
10.051528,195,345.880391
10.051229,195,346.271016
10.051232,195,346.63874
10.051986,195,346.973883
9.422425,193,347.261987
9.165229,191,347.592369
10.051366,195,347.89513
10.051229,195,348.26183
10.051231,195,348.618518
10.051775,195,349.007449
10.051849,195,349.3381
10.051796,195,350.031802
10.052661,195,350.962504
10.052175,195,351.985587
8.666061,188,352.785439
10.053074,195,353.333334
9.109438,189,353.836982
8.07541,185,354.277097
7.241236,181,354.719574
7.604665,180,355.353634
5.981351,172,355.817205
7.643318,181,356.355389
7.707426,179,356.788781
8.770377,185,357.196139
9.979284,195,357.656131
9.132765,190,358.00155
10.079721,195,358.397829
9.243293,194,358.812627
9.998743,195,359.163073
9.496677,194,359.522464
10.000674,195,359.894339
10.052278,195,360.343118
10.051698,195,360.757476
10.052689,195,361.126269
10.051803,195,361.523003
10.051728,195,361.954957
10.05465,195,362.356777
10.052648,195,362.741636
10.051753,195,363.152226
10.051229,195,363.579069
10.052636,195,363.967585
9.808684,193,364.323713
9.808342,193,365.09942
10.053431,195,365.521878
10.051232,195,366.058656
10.052058,195,366.563577
10.051726,195,367.029368
10.051229,195,367.434886
10.052124,195,367.843723
10.051726,195,368.202446
10.051229,195,368.872312
10.051315,195,369.163517
10.051229,195,369.395576
10.051656,195,369.619232
10.051229,195,369.818675
10.051229,195,370.017658
10.051229,195,370.218072
10.051229,195,370.417395
10.051229,195,370.613332
10.051229,195,370.800097
10.051229,195,370.987047
10.051229,195,371.186853
10.051229,195,371.379346
10.051229,195,371.58158
10.051229,195,371.782627
10.051229,195,371.971159
10.051229,195,372.162574
10.051229,195,372.43316
10.051229,195,372.636353
10.051229,195,372.837005
10.051229,195,373.022773
10.051229,195,373.205293
10.051229,195,373.389973
10.051229,195,373.575034
10.051229,195,373.759821
10.051229,195,373.936739
10.051229,195,374.110711
10.051229,195,374.287185
10.051229,195,374.462874
10.051229,195,374.648883
10.051229,195,374.823157
10.051229,195,375.003948
9.938561,195,375.180196
10.039018,196,375.353478
10.051229,195,375.532988
10.051229,195,375.709396
10.051229,195,375.882319
10.051229,195,376.054351
10.051229,195,376.228693
10.051656,195,376.40035
10.051229,195,376.576366
10.052371,195,376.749431
10.051229,195,376.942009
10.052502,195,377.118173
10.053694,195,377.289692
10.052151,195,377.479865
10.051986,195,377.660108
10.051656,195,377.83256
9.656015,194,378.003174
10.051577,195,378.174997
10.051229,195,378.350376
10.051299,195,378.53394
10.05347,195,378.723757
10.051644,195,378.918324
10.051366,195,379.104876
10.052271,195,379.290096
10.054392,196,379.478668
10.051232,195,379.667515
10.114041,197,379.853177
10.051948,195,380.046451
10.052311,195,380.308507
10.051231,195,380.511103
10.06065,195,380.718102
10.05123,195,380.922499
9.658277,194,381.12006
10.069331,195,381.3159
9.28246,193,381.547857
8.801397,186,381.737815
9.714814,194,381.936701
10.076902,195,382.126164
10.051236,195,382.316925
9.301732,191,382.512151
10.051516,195,382.718384
10.051656,195,382.918168
10.051229,195,383.108858
10.051229,195,383.300153
10.051229,195,383.496565
10.051229,195,383.715738
10.051468,195,383.918241
10.051229,195,384.105414
10.051229,195,384.295537
10.051522,195,384.519891
10.05172,195,384.73226
10.05378,195,384.939911
10.051751,195,385.143646
10.051982,195,385.349009
10.05262,195,385.565637
10.054343,195,385.773291
10.054305,195,385.981258
10.053571,195,386.272769
10.051765,195,386.497846
10.051232,195,386.709436
10.053696,195,386.905913
10.051229,195,387.101169
10.052264,195,387.301082
10.05408,195,387.511387
9.352603,191,387.718127
10.051659,195,387.925604
10.054449,195,388.132411
9.143661,190,388.329352
10.051504,195,388.529089
10.0525,195,388.731863
10.053283,195,388.921782
10.051229,195,389.127421
10.051229,195,389.333236
10.051633,195,389.538212
10.051779,195,389.745278
10.052586,195,389.95164
10.052021,195,390.168487
10.051229,195,390.389739
10.05207,195,390.71023
10.051229,195,390.98083
10.051229,195,391.214986
10.051229,195,391.432439
10.051229,195,391.646704
10.051229,195,391.842514
10.051524,195,392.038983
10.051491,195,392.231144
10.051229,195,392.425237
10.051504,195,392.621325
10.051229,195,392.820661
10.0517,195,393.071385
10.051528,195,393.276747
10.052445,195,393.476008
10.070178,195,393.693478
6.540531,175,393.86962
7.822777,180,394.03871
10.043719,195,394.223985
9.341999,193,394.459601
9.148943,190,394.66735
7.843855,182,394.845078
9.146517,190,395.032389
10.105429,196,395.228757
10.053605,195,395.421344
10.054743,195,395.624909
10.054237,195,395.830985
10.05526,195,396.049435
10.061886,195,396.301164
10.05853,195,396.600879
10.052266,195,396.82879
8.971382,189,397.032487
9.306289,191,397.233106
9.808342,193,397.43028
10.051229,195,397.63685
9.938348,191,397.828346
8.321507,185,398.00804
9.958936,192,398.187574
8.534783,185,398.3561
8.302793,186,398.528058
8.322492,187,398.701468
7.531168,182,398.864382
10.068762,195,399.045279
9.363111,191,399.260683
7.720236,181,399.423247
8.597049,184,399.59344
7.89362,182,399.75925
9.841172,192,399.94543
10.051918,195,400.147024
10.052235,195,400.333686
10.059658,195,400.516134
10.053432,195,400.698811
10.051229,195,400.891887
10.051528,195,401.088609
10.055378,195,401.273257
10.051524,195,401.448878
10.052486,195,401.628247
10.051137,195,401.88246
10.054154,195,402.072755
11.221121,195,402.264642
9.857324,192,402.452683
11.28905,196,402.649514
10.03247,195,402.839685
10.683345,194,403.028268
11.483698,196,403.218446
10.827833,195,403.408806
10.053617,195,403.597188
10.173422,195,403.781584
10.047555,195,403.965362
10.809958,195,404.149937
11.303435,195,404.324306
9.477374,193,404.497582
10.401358,195,404.683982
9.640941,193,404.866261
10.022433,195,405.040374
9.128793,191,405.207514
10.156359,195,405.377067
10.044157,195,405.554421
11.965937,195,405.73571
10.734415,194,405.912895
11.206366,191,406.089328
11.169613,195,406.276186
10.225316,194,406.446933
7.53582,176,406.605216
8.948719,188,406.782167
10.346314,194,406.965489
10.494662,195,407.141002
11.807939,196,407.312292
10.716817,188,407.479077
9.677565,187,407.652034
10.604285,194,407.900101
11.150442,192,408.084504
10.46528,195,408.272539
10.216057,194,408.454085
11.232739,194,408.637962
9.293927,191,408.81833
10.174267,195,409.013037
8.527542,188,409.197446
10.65789,193,409.387066
9.446571,188,409.571793
11.725962,194,409.771711
11.580771,194,409.997484
10.507717,195,410.202953
10.382533,194,410.398452
10.071048,195,410.596891
9.352611,191,410.793712
10.052932,195,410.983256
10.052163,195,411.181356
10.051676,195,411.372884
10.05133,195,411.596661
10.052732,195,411.85547
10.052423,195,412.065028
10.054869,195,412.269146
10.061598,195,412.451999
8.471887,184,412.622619
9.977749,195,412.807147
11.357671,195,412.991393
8.256334,185,413.168298
8.92296,188,413.346855
9.546576,191,413.52613
9.140897,190,413.709094
9.258784,190,413.88834
9.841911,195,414.076248
10.195101,193,414.258723
8.70399,186,414.418515
9.988292,197,414.605123
8.141953,186,414.77281
7.725332,179,414.921177
7.54588,179,415.071033
9.855691,187,415.237498
7.732941,182,415.395949
8.211132,183,415.55737
8.962494,182,415.72577
9.030142,177,415.878184
8.17691,171,416.018501
8.706851,174,416.170169
8.132752,163,416.29844
7.129701,162,416.423623
7.006145,161,416.5534
6.962395,160,416.691841
7.006311,161,416.826568
7.012247,161,416.961493
7.428473,160,417.096162
7.030644,161,417.218849
7.904369,160,417.340185
7.248214,163,417.47215
8.097443,171,417.607441
7.44238,165,417.73587
7.787653,160,417.914242
7.391727,160,418.045776
7.852922,160,418.182059
7.272044,161,418.317802
6.970345,160,418.45082
7.890413,160,418.582834
8.327258,160,418.723
6.90802,160,418.860253
6.95934,161,418.998353
7.438987,161,419.138167
7.018333,161,419.27717
7.34408,160,419.412621
7.020395,161,419.551204
7.431166,161,419.694988
6.966471,161,419.832916
6.979418,161,419.969579
7.012317,161,420.10738
6.991328,161,420.243432
7.018498,161,420.380562
8.802084,174,420.52984
8.737661,180,420.687004
8.456314,181,420.846748
8.459348,182,421.006806
9.065666,178,421.171035
8.784653,180,421.337512
8.473445,175,421.497536
9.313239,184,421.673437
7.838556,182,421.846517
9.447487,192,422.037591
10.08515,195,422.230577
10.062925,195,422.429227
9.657738,187,422.60977
9.624064,191,422.803846
9.685521,189,422.987956
8.740806,183,423.163406
8.951591,184,423.341192
8.722502,184,423.591531
8.233693,185,423.788384
10.181375,193,423.996842
10.052291,195,424.209556
8.86095,190,424.407953
10.070421,195,424.613396
9.684586,191,424.822902
10.05246,195,425.030156
10.076902,195,425.221717
10.071754,195,425.416306
10.283324,194,425.620236
10.083204,195,425.833888
8.161047,184,426.019722
10.208258,194,426.218012
10.075363,195,426.400087
10.060775,195,426.587156
8.77242,188,426.759326
10.12075,195,426.955305
8.245537,186,427.139153
7.87528,185,427.321002
10.05613,195,427.515226
9.918468,193,427.715342
10.051229,195,427.922825
9.917066,193,428.115943
10.051229,195,428.301669
9.917025,194,428.487996
10.051229,195,428.68107
10.051229,195,428.899278
10.051229,195,429.179084
10.051229,195,429.385956
10.051229,195,429.592646
10.051229,195,429.80067
10.051229,195,430.002036
10.051229,195,430.206183
10.051229,195,430.410996
10.05123,195,430.606399
9.253648,190,430.809114
10.051229,195,431.002732
10.051229,195,431.200776
10.051229,195,431.41388
10.051229,195,431.604368
10.05123,195,431.795116
10.051229,195,431.978861
10.051229,195,432.158609
10.051229,195,432.353012
10.051229,195,432.541408
10.051229,195,432.735178
10.051229,195,432.929669
10.051229,195,433.120271
10.051229,195,433.293119
10.051229,195,433.47252
10.051229,195,433.653962
10.051229,195,433.842937
10.051229,195,434.024913
10.051229,195,434.27622
10.051229,195,434.464615
10.051229,195,434.655818
10.051229,195,434.849196
10.051229,195,435.036486
10.051229,195,435.226501
10.051229,195,435.415392
10.051229,195,435.592308
10.051229,195,435.778695
10.051229,195,435.965292
10.051229,195,436.154853
10.051229,195,436.335916
10.051229,195,436.517991
10.051229,195,436.719977
10.051229,195,436.912981
10.051229,195,437.097699
10.051229,195,437.294152
10.051229,195,437.467491
10.051229,195,437.641331
10.051229,195,437.815171
10.051229,195,437.994315
10.051229,195,438.171277
10.051229,195,438.352228
10.051229,195,438.530708
10.051229,195,438.711677
10.051229,195,438.899708
10.051229,195,439.081398
10.051229,195,439.258261
10.051799,195,439.4322
10.050602,195,439.671103
10.051229,195,439.859395
10.051229,195,440.053048
10.050689,195,440.258677
10.051207,195,440.460985
10.138564,195,440.66888
10.051077,195,440.881617
10.059061,195,441.083371
10.394806,195,441.271433
10.052359,195,441.461059
10.049401,195,441.6677
10.053876,195,441.868133
10.051796,195,442.062386
10.167918,195,442.260601
10.051229,195,442.450913
10.045183,195,442.648562
10.05191,195,442.835413
10.406114,194,443.021328
10.051229,195,443.192632
10.051229,195,443.364261
10.051649,195,443.548282
10.051229,195,443.739269
10.136061,195,443.942293
10.050651,195,444.13774
10.051229,195,444.334557
10.399343,195,444.518553
10.051229,195,444.76904
10.051229,195,444.962226
10.051229,195,445.156075
10.052804,195,445.350288
10.051229,195,445.543228
10.051229,195,445.738132
10.051229,195,445.936464
10.05493,195,446.13944
10.051229,195,446.33593
10.051229,195,446.532401
10.051229,195,446.730057
10.051201,195,446.929118
10.051229,195,447.122019
10.051229,195,447.312317
10.051229,195,447.505103
10.051229,195,447.701078
10.051229,195,447.900991
10.051229,195,448.095204
10.051229,195,448.293444
10.051229,195,448.487681
10.051229,195,448.677488
10.051229,195,448.878412
10.051229,195,449.064457
10.051229,195,449.252247
10.051229,195,449.435983
10.05493,195,449.621693
10.051229,195,449.806311
9.994822,195,450.073656
10.050754,195,450.274641
10.052114,195,450.473574
10.085238,195,450.657143
10.051289,195,450.83931
10.059534,195,451.022808
10.0507,195,451.194995
10.051229,195,451.367118
10.051544,195,451.537475
10.038109,195,451.707566
10.043744,195,451.880938
10.154516,195,452.043317
10.379788,195,452.206391
10.9797,193,452.366773
10.30595,193,452.525816
10.396688,194,452.687354
10.061381,195,452.851398
10.045577,195,453.014299
10.051229,195,453.174768
10.040763,195,453.334942
10.051229,195,453.492427
10.051229,195,453.650585
10.051229,195,453.813332
10.051229,195,453.975175
10.051229,195,454.130622
10.050754,195,454.289989
10.051229,195,454.44468
10.051229,195,454.600763
10.051799,195,454.761895
10.051229,195,454.924086
10.051229,195,455.080406
10.057674,195,455.234266
10.051213,195,455.389707
10.051229,195,455.545963
10.051229,195,455.700897
10.051229,195,455.863892
10.051229,195,456.018914
10.051229,195,456.17554
10.051229,195,456.394214
10.051229,195,456.555882
10.051229,195,456.71896
10.051229,195,456.882064
10.051229,195,457.037583
10.051229,195,457.193766
10.051229,195,457.350215
10.051229,195,457.505334
10.051229,195,457.691772
10.052455,195,457.85162
10.038631,195,458.008573
10.051229,195,458.164432
10.051229,195,458.320301
10.051758,195,458.476425
10.051229,195,458.634286
10.049569,195,458.791322
10.051229,195,458.94816
10.051229,195,459.103204
10.051799,195,459.255586
10.08065,195,459.40584
10.051229,195,459.561704
10.051229,195,459.727971
10.051229,195,459.890628
10.051229,195,460.061196
10.051229,195,460.237262
10.05178,195,460.413657
10.051229,195,460.58219
10.050754,195,460.745919
10.051229,195,460.921827
10.051229,195,461.093045
10.051229,195,461.271445
10.051229,195,461.448971
10.051229,195,461.614806
10.051229,195,461.857091
10.051229,195,462.060567
10.051229,195,462.383463
10.051229,195,462.609419
10.065356,195,462.841971
10.05193,195,463.056218
10.05493,195,463.254042
10.051031,195,463.444338
10.051229,195,463.624965
10.051229,195,463.798373
10.051229,195,463.994379
10.051229,195,464.183057
10.051229,195,464.362901
10.056406,195,464.547407
10.05178,195,464.724587
10.050689,195,464.902574
10.05085,195,465.09481
10.056868,195,465.330455
10.045514,195,465.567328
10.05085,195,465.774205
10.066973,195,465.963232
11.171692,195,466.234682
10.08111,195,466.429625
10.056278,195,466.614353
10.398891,195,466.785874
10.792283,194,466.9593
11.566401,196,467.123624
9.206091,189,467.280769
10.483478,195,467.450642
10.043272,195,467.617652
10.375205,195,467.786926
10.131362,194,467.957163
10.056701,195,468.11858
10.441606,195,468.280253
10.715018,195,468.442248
11.817136,195,468.60303
11.266725,195,468.768931
10.360438,190,468.929757
10.944661,195,469.090951
10.705571,193,469.243374
10.490136,195,469.404061
11.490486,193,469.570133
11.590639,192,469.733271
11.815845,194,469.898713
10.116353,195,470.067136
11.696564,196,470.257016
10.059465,195,470.432435
12.053021,194,470.607523
10.631091,195,470.776215
11.873322,195,470.955733
11.189536,194,471.127284
11.608691,193,471.302027
11.254813,196,471.473341
11.106251,194,471.642499
10.771513,194,471.811732
11.729236,194,471.989482
10.054365,195,472.167727
10.974263,194,472.342291
11.954001,194,472.505203
11.694832,193,472.672045
10.461713,194,472.842166
11.546962,194,473.016517
11.78412,195,473.180319
10.147503,195,473.343283
10.05996,195,473.505878
10.04711,195,473.668089
12.021806,195,473.83055
10.060521,195,473.996578
10.486086,194,474.16407
10.05538,195,474.32873
10.842098,195,474.493112
11.65403,195,474.658113
9.774528,192,474.824522
9.982138,194,475.065371
11.827837,196,475.23716
9.967286,194,475.397947
10.507303,195,475.562295
9.42568,190,475.722962
10.562177,194,475.887138
11.557706,196,476.049096
10.407816,195,476.213095
10.053469,195,476.384972
9.753847,190,476.562671
10.440828,195,476.781172
10.963301,193,476.961731
10.498747,194,477.138137
10.457308,194,477.405699
11.692697,195,477.666048
9.599677,189,477.8945
9.715494,186,478.249345
10.114761,187,478.482095
9.909247,192,478.723285
10.69898,188,479.087195
10.137251,195,479.408188
9.460816,190,479.780362
8.850192,186,479.992634
9.798397,193,480.210598
11.173909,195,480.420364
10.035474,195,480.623484
10.195608,195,480.819346
10.214684,195,481.006327
12.146498,195,481.200492
9.155426,189,481.381429
10.156004,195,481.568615
10.201192,194,481.750819
9.047172,186,481.928396
9.876029,181,482.094466
9.886249,189,482.264907
10.677394,191,482.435338
10.100279,189,482.604524
10.903818,188,482.767183
9.319858,183,482.925727
9.600181,190,483.094704
10.248664,186,483.252884
10.650545,187,483.419487
10.089358,190,483.587651
10.696316,192,483.753365
8.88539,183,483.909499
11.886426,195,484.083475
10.5532,198,484.255674
9.79744,193,484.417644
9.516968,191,484.580036
10.993281,199,484.754863
9.481256,191,484.918462
9.303795,191,485.08832
10.512702,193,485.251219
10.008407,194,485.416647
9.889779,193,485.57971
10.051229,195,485.744952
10.211452,194,485.910594
10.054051,195,486.085237
10.052102,195,486.263903
10.051231,195,486.438208
10.052308,195,486.608008
10.054935,195,486.78512
9.731697,189,486.950939
10.051668,195,487.123062
10.074968,194,487.289719
9.51169,191,487.44856
10.053964,195,487.613752
7.75322,183,487.767256
10.062557,188,487.939921
9.342169,189,488.108661
8.534315,186,488.281589
10.10478,195,488.543369
10.037477,195,488.73414
9.195872,189,488.923524
8.705024,187,489.13574
8.698039,187,489.321943
10.43648,197,489.511032
9.653042,192,489.695493
10.74663,193,489.870029
10.507542,195,490.060468
7.667047,171,490.274124
9.473436,192,490.464216
9.855872,192,490.644127
