#{"t_start": 1776903892.606501, "env_id": "BDXCourseProjectWalk-v0"}
r,l,t
9.488048,205,0.121048
4.584494,159,0.196564
11.944537,232,0.312141
3.771156,201,0.409277
6.020628,168,0.485378
4.462826,171,0.561702
4.766399,165,0.634395
47.696228,415,0.865099
9.263497,183,0.951241
6.450272,194,1.04291
8.922123,185,1.129155
3.817882,177,1.275639
9.317499,197,1.387152
3.465608,183,1.486271
12.580959,227,1.614539
19.140446,286,1.782657
8.409105,187,1.878731
7.077231,187,1.984049
5.259713,176,2.081844
0.707272,157,2.159842
4.164792,166,2.244243
14.599403,207,2.350421
20.733445,213,2.460216
16.765587,231,2.582121
4.514849,179,2.670792
22.479,218,2.790466
5.361895,194,2.963367
11.913571,205,3.079145
2.363819,169,3.166058
13.547487,241,3.296746
34.980182,345,3.501838
11.723717,214,3.613979
5.565688,248,3.746925
9.498778,232,3.860835
12.594497,202,3.95929
9.254185,196,4.058552
13.093073,195,4.159389
6.508817,178,4.252905
8.759346,188,4.348752
5.715219,204,4.457769
3.32296,172,4.554151
20.627139,231,4.749558
7.434699,175,4.840639
15.967041,269,5.000771
2.20305,186,5.104972
4.440894,170,5.191761
24.894589,247,5.332681
6.418968,182,5.420526
5.705131,177,6.197553
10.301025,234,8.18996
5.725291,178,9.696743
5.125419,185,11.398605
14.456274,282,14.018083
14.906837,225,15.910798
12.164209,233,17.926113
9.572914,174,19.349763
6.457127,186,20.848967
13.915323,201,22.619561
5.746632,174,24.233055
9.819892,186,26.971209
11.876284,240,30.600731
9.259637,179,32.327194
6.751015,201,33.800129
5.828319,169,35.024915
3.810487,182,36.53428
2.940053,170,37.782157
9.006494,188,39.100189
3.725062,183,40.386421
4.309188,185,41.691038
3.592378,183,42.962695
10.492815,221,44.547671
5.269634,254,46.419067
1.259001,172,47.597899
4.512774,160,48.695313
4.939291,159,49.783086
0.370769,150,50.810209
1.441926,151,51.841263
4.826916,226,53.376144
4.087655,194,54.675318
1.781836,188,55.94506
6.970529,204,57.332629
2.62756,185,58.634721
1.421208,164,59.730212
1.141229,168,60.845837
4.550256,180,62.08329
3.617682,175,63.238025
2.893311,190,64.510336
12.086387,181,65.711842
1.839294,211,67.114158
9.76896,172,68.246313
10.930976,173,69.386797
1.656764,181,70.58617
4.435838,175,71.722856
6.322925,176,72.883639
8.107961,165,73.969982
9.942576,192,75.26291
3.040739,159,76.32891
4.353585,156,77.359274
3.206332,172,78.657053
2.052241,170,79.908406
1.152024,164,81.063327
2.979967,174,82.350296
7.766177,196,83.786978
4.340308,182,85.061047
4.158844,169,86.196784
5.825956,196,87.539934
12.587596,189,88.7878
11.561724,171,90.204644
3.884727,160,92.22193
2.454909,159,93.337528
5.929757,178,94.515627
9.568034,164,95.647939
6.485752,177,96.855641
2.644391,180,98.074957
6.8423,153,99.094273
2.403802,158,100.155964
5.778419,152,101.188345
6.577201,180,102.38911
5.896067,179,103.627386
8.092913,172,105.426691
9.379074,174,106.821218
8.637643,170,108.024182
4.522837,166,109.280967
5.938373,200,110.867351
12.31731,180,112.164368
4.621813,175,113.386829
6.547353,172,114.59441
9.199758,171,115.793306
7.744671,165,117.051932
4.618215,182,118.544459
4.412707,169,119.942592
4.659391,167,121.258637
6.086615,169,122.462204
5.44184,187,123.849005
1.20467,146,124.858841
1.151651,144,125.890775
0.994249,150,126.923756
4.450349,184,128.511167
5.074878,178,129.780944
1.587752,161,130.929749
1.937875,172,132.101839
4.785261,175,133.295824
5.431967,178,134.521619
5.431158,172,135.79994
5.918099,192,137.108453
2.20565,207,138.503204
5.816803,189,139.814353
8.228487,186,141.075903
8.898403,206,142.519273
4.254123,172,143.756214
10.245138,208,145.570578
6.600896,185,146.977203
1.082633,165,148.172965
5.237812,181,149.505602
2.307207,165,150.632784
5.148046,171,151.781787
4.713703,168,152.897278
2.085945,170,154.061349
4.07499,178,155.651017
6.237775,170,156.860821
6.526468,168,158.287435
3.946267,198,159.761986
5.073811,193,161.084808
5.940887,178,162.303899
4.562574,185,163.564597
3.068537,173,164.88821
6.841159,182,166.184732
8.106078,212,167.626668
6.084192,162,168.716066
4.377975,189,169.979152
6.325805,205,171.353042
5.3162,184,172.570872
4.849941,169,173.739717
7.96559,231,175.29675
6.480207,187,176.534718
5.561759,188,177.782119
1.802611,221,179.254322
8.05629,177,180.441586
6.11618,202,181.832349
4.210298,190,183.09557
4.087591,187,184.329599
2.901585,162,185.396306
4.15337,184,186.605459
7.072582,190,187.86419
2.890522,167,188.985579
8.01872,191,190.233647
1.412166,172,191.359602
1.515175,178,192.514963
6.347265,180,193.683624
3.905215,177,194.849733
15.04467,241,196.494564
4.765471,181,197.666584
8.229393,177,198.821301
11.021499,179,199.993102
9.528062,194,201.252307
15.851492,230,202.734604
15.121845,186,203.941948
12.704273,217,205.354955
5.852862,174,206.470034
8.641517,174,207.586385
4.215221,195,208.843064
17.615821,201,210.139127
2.702735,182,211.313504
7.846477,202,212.610665
4.150475,181,213.771251
3.840094,200,215.063129
4.424699,192,216.301988
3.348083,170,217.455342
5.722884,193,218.785262
4.707628,192,220.050617
7.554241,175,221.182127
12.18382,213,222.54475
4.748792,166,223.60498
9.31095,194,224.856702
3.05243,171,225.979699
6.91362,182,227.1486
10.725063,185,228.325743
11.519631,219,229.730279
18.267561,296,231.658871
9.828538,175,232.768234
15.379649,205,234.079267
18.401499,218,235.480147
9.347516,183,236.637242
8.338729,163,237.667414
11.538669,168,238.736023
8.972862,168,239.804032
7.632624,163,240.849092
8.213117,170,241.94216
8.767753,180,243.093421
10.732361,216,244.467821
3.321388,210,245.832291
18.316314,212,247.188835
8.683046,185,248.369819
10.289399,193,249.626723
10.132263,183,250.794516
4.998302,176,251.911135
7.300193,174,253.016624
7.5413,195,254.260442
6.954944,188,255.504333
6.616066,188,256.711212
5.994907,194,257.937875
7.051994,180,259.099776
7.075641,183,260.264813
5.888164,175,261.433421
16.587444,202,262.71482
11.087401,211,264.052946
7.164744,187,265.240367
4.506959,209,266.572632
7.829396,194,267.804331
7.081617,195,269.041989
6.83931,188,270.354285
5.384554,212,271.787748
15.526238,210,273.135221
10.165767,200,274.417312
2.687734,201,275.705888
5.308347,180,276.848332
4.667018,224,278.303882
5.886139,192,279.564114
6.588256,175,280.68734
5.508092,165,281.730319
7.737265,186,282.911634
5.141524,166,283.964572
6.186278,191,285.203528
4.274371,166,286.275617
4.757165,203,287.576987
11.25986,241,289.130888
11.903473,199,290.418159
5.644713,171,291.510457
7.964424,197,292.761432
0.630928,172,293.854271
8.041639,187,295.047119
4.670348,166,296.129645
18.958563,209,297.532787
10.4688,201,298.815076
16.27844,227,300.279602
8.224214,188,301.49205
8.24791,191,302.72003
10.121549,184,303.892748
8.037276,176,305.014586
6.779069,211,306.386924
4.607381,250,307.998849
9.072903,219,309.446136
11.458021,202,310.760063
2.523944,193,312.090897
2.198243,164,313.316292
5.051988,217,314.816183
0.347316,174,316.535207
0.409051,185,317.839945
0.651361,163,318.917375
-3.17485,191,320.178805
0.084411,155,321.191555
1.790506,191,322.472591
3.872223,216,324.000062
4.371749,193,325.569927
7.597677,258,327.802987
5.559939,184,329.14686
5.517295,197,330.992768
10.363075,217,333.227904
5.168729,236,335.523287
2.855301,175,337.37101
6.565323,195,338.944313
5.502129,187,340.265611
6.714255,190,341.832603
6.239012,193,343.566234
6.24137,178,344.938351
4.489508,189,346.273562
4.570003,185,348.40231
1.473339,198,350.174187
4.638574,181,351.742686
12.627216,226,354.162309
5.841129,187,356.027163
5.494226,170,357.617491
5.623739,172,359.174928
5.38737,161,360.666684
6.778298,167,362.156959
9.224682,202,363.944861
10.672102,188,365.625367
5.828128,184,367.294758
6.742373,194,369.118006
8.653801,194,370.862237
28.023158,206,372.78315
27.365372,213,374.758007
9.170799,202,376.559783
11.895205,203,378.431485
11.359226,202,380.214293
10.475298,172,381.729014
19.340324,211,383.658014
12.966574,170,385.163178
8.060424,197,386.922225
7.463876,167,388.396724
9.688853,190,390.083812
19.054667,186,392.037583
6.478903,172,393.684208
11.839466,181,395.235148
2.811381,174,396.73159
2.940624,164,398.292208
2.455111,164,399.683018
1.373753,181,401.219257
2.246995,172,402.669501
2.843795,170,404.22862
6.927485,199,405.915389
2.700205,167,407.356996
3.546775,166,408.760352
1.985018,167,410.14817
0.357053,159,411.458331
2.901446,158,412.843534
6.026186,179,414.348876
1.670009,186,416.008569
5.313716,171,417.572892
6.44127,184,419.754897
-1.325307,168,421.314302
5.739182,171,423.425664
-0.99384,168,426.049713
5.835959,170,427.971994
-1.245128,176,429.389339
-1.028041,181,430.816899
8.054677,226,432.827684
2.486669,205,434.462623
4.364068,195,436.302434
7.915251,217,438.402213
8.835665,223,440.489511
5.954462,181,442.257514
10.551621,219,443.832867
3.97475,174,445.020973
5.54728,181,446.529817
6.649769,191,448.366788
11.996608,225,449.890012
10.526471,235,451.460031
13.118155,270,453.316685
15.846015,258,454.997155
5.785773,177,456.196215
13.876684,226,457.639171
6.266475,210,458.937023
5.115834,181,460.036759
9.711292,197,461.274347
12.468333,241,462.783265
14.54023,249,464.316052
9.170078,195,465.668063
7.70604,197,467.247771
6.261319,175,468.619401
8.601124,194,469.834775
7.342557,221,471.213097
5.395716,188,472.454756
17.803466,294,474.270855
5.676016,191,475.446786
4.519264,182,476.584413
3.774171,180,477.733683
3.436814,170,478.750975
7.547661,193,480.006631
3.581542,164,481.272683
7.524966,194,482.594534
8.376275,226,484.014059
3.292368,180,485.110114
3.489835,172,486.253519
4.032064,190,487.610412
3.736493,178,488.809328
9.339695,211,490.15689
9.799021,220,491.502525
5.958515,173,492.527679
2.257255,182,493.68553
6.386033,180,494.766014
5.368385,193,495.912052
3.225563,186,497.094715
3.616169,173,498.174746
7.032164,167,499.16363
7.487568,173,500.163464
6.226434,179,501.227604
1.916002,173,502.241783
2.335476,206,503.490194
4.134792,169,504.506357
3.199861,170,505.504675
9.519321,194,506.635744
6.685488,187,507.727704
7.028394,174,508.758793
13.253265,258,510.353014
3.420178,165,511.353111
8.145245,176,512.523303
3.274225,181,513.653249
5.854808,186,514.809039
4.341331,180,515.865186
8.292613,171,516.855583
9.681528,222,518.219847
3.70719,192,519.334351
2.652833,197,520.477554
5.685837,191,521.580584
2.9637,181,522.647957
3.727144,192,523.819995
1.046609,174,524.892982
4.833562,206,526.195787
2.386359,174,527.283719
0.268549,168,528.283319
2.37767,223,529.632956
1.59181,173,530.642516
0.773474,168,531.61223
1.328731,175,532.680184
6.475982,174,533.731597
2.886666,163,534.72283
4.762581,173,535.825767
2.284651,166,536.825095
3.674454,159,537.774829
7.865323,180,538.851706
6.152677,182,539.946273
2.740182,173,540.989168
11.196677,208,542.356401
7.141983,204,543.580378
7.807878,183,544.663794
5.294514,186,545.810126
6.79304,200,547.009945
10.171117,194,548.230724
9.580218,185,549.415159
13.114273,247,550.869925
2.967427,203,552.107672
6.948766,215,553.441579
12.510464,208,554.691761
1.834563,210,556.039122
4.936457,199,557.229423
7.829926,206,558.515497
8.487432,243,560.036423
7.296279,190,561.253906
5.920254,178,562.307463
9.619683,212,563.653993
4.73336,180,564.918413
3.384594,214,566.22406
15.622986,261,567.876523
9.716872,212,569.385495
6.974953,198,570.662414
2.182234,182,571.830033
1.655222,190,573.144855
2.548016,164,574.20673
10.564687,207,576.364282
1.064231,204,577.804337
3.512282,204,579.156174
5.736891,192,580.6645
9.25112,208,582.077146
3.019823,172,583.685295
2.687123,175,585.072774
4.354288,182,587.031533
3.87401,184,588.385051
4.381155,172,589.492152
5.051905,187,591.332195
3.243296,161,593.018925
7.509768,170,594.180851
2.996009,179,595.344492
4.721887,184,596.553353
2.039636,198,597.93587
6.054952,172,599.112699
12.84503,190,600.466415
15.948607,186,601.796117
3.615795,205,603.196024
13.048768,177,604.49959
11.287373,179,606.158575
11.081441,182,607.645195
14.411772,192,609.223282
11.517093,181,610.59771
11.651259,209,612.139801
9.565076,180,613.439414
5.758704,177,614.865167
6.977547,175,616.207844
4.960997,174,617.432635
7.374355,175,618.629886
9.561388,204,620.036007
8.553491,187,621.403062
5.24177,173,622.731345
8.420896,182,623.994976
25.42031,358,626.670461
11.298948,212,628.171757
13.075659,196,629.58454
17.142318,211,631.189439
11.156938,199,632.628966
8.014428,185,633.921585
13.18843,187,635.244946
8.211396,197,636.672922
11.818008,175,637.984789
7.630138,193,639.445601
9.553444,208,641.113313
8.667761,211,642.63954
5.548499,253,644.364538
10.966795,209,645.782393
15.018481,205,647.166202
-0.916425,204,648.558149
7.640888,197,649.899067
10.700422,195,651.220213
10.928289,221,652.685578
5.465484,178,653.873919
10.945274,231,655.445918
6.640529,183,656.688173
10.75127,229,658.763998
7.832728,205,660.263779
8.507535,222,661.805281
5.473888,185,663.210714
4.691202,179,664.492063
5.934205,187,666.105117
17.65819,312,668.353145
7.781112,199,669.680178
9.769093,201,671.093751
6.154764,201,672.554933
7.043848,190,673.931227
6.781135,198,675.283061
3.899925,174,676.445247
14.52902,223,677.907135
8.653615,193,679.168967
15.555258,205,680.496801
3.934172,202,681.828506
6.45904,197,683.110795
10.210868,196,684.383651
16.3033,225,685.878364
8.574787,219,687.632506
4.079707,178,688.803519
3.021345,178,689.967148
1.870121,190,691.218582
3.946215,184,692.432334
16.521712,246,694.041354
11.49766,204,695.373534
4.46285,181,696.556135
3.304937,196,697.834262
3.744365,175,698.991865
5.054938,168,700.089638
5.032693,178,701.276132
8.349227,208,702.648739
14.518195,258,704.338746
8.202796,202,705.644668
8.878794,168,706.893961
7.113599,167,708.237185
6.64271,191,709.820291
11.752213,191,711.334666
3.319455,203,712.762922
13.586973,202,714.206165
5.835442,180,715.390899
11.420951,195,716.714639
4.879076,182,717.911528
13.564812,298,720.502843
7.688864,201,721.964743
4.382656,168,723.080783
7.30568,215,724.490044
9.86415,200,725.849173
10.30846,209,727.224671
12.674599,236,728.760736
9.207733,208,730.094349
9.543153,199,731.388656
9.077068,208,732.729968
8.075141,200,734.075961
6.251056,200,735.398396
11.354163,252,737.047473
3.714356,180,738.218134
4.558945,217,739.623374
2.944974,225,741.22357
7.013376,201,742.544137
7.223457,215,744.030422
5.740328,216,745.567893
6.703639,206,747.02155
9.124323,196,748.317244
6.432823,175,749.45366
8.165189,170,750.57171
6.671464,190,751.887101
14.793211,222,753.369138
8.494818,184,754.581491
6.03812,176,755.729898
8.447176,187,756.954297
9.744399,180,758.183347
5.383168,195,759.563267
43.766704,304,761.650402
10.207725,211,763.029727
10.339535,191,764.286236
16.552079,240,765.952014
24.399504,204,767.324363
15.20316,183,768.522372
12.472407,236,770.07732
18.667747,215,771.581014
18.12754,233,773.099801
21.182402,222,774.550087
1.862331,167,775.629778
17.850342,203,776.964156
10.920142,181,778.134615
7.551931,218,779.554495
17.536579,223,781.001118
25.404295,206,782.354341
29.070113,261,784.187902
11.657846,197,785.52186
2.94412,185,786.756423
21.729092,233,788.301716
6.483783,217,789.733032
9.530244,206,791.080476
7.576261,210,792.513953
17.687407,310,794.611839
5.3392,201,795.973786
3.27157,190,797.224556
4.349015,180,798.796437
5.330455,188,800.740354
8.217453,206,802.144766
6.105052,188,803.468476
5.939193,179,804.739358
13.63909,224,806.250475
5.520129,194,807.51981
10.882626,193,808.85139
5.386386,216,810.355412
4.33271,176,811.522534
3.909921,170,812.642125
6.80934,187,813.863417
6.799269,212,815.257725
8.573237,209,816.658441
5.477603,179,817.867289
5.154418,175,819.134054
7.18728,194,820.417054
5.213637,190,821.761709
6.842207,176,822.95603
5.185395,177,824.130916
12.720638,242,825.750001
5.853021,195,827.050165
4.558527,217,828.499774
3.603918,192,829.897013
4.551572,180,831.249102
9.464945,168,832.379838
5.169943,185,833.593467
14.583195,217,835.299087
10.568458,201,836.900335
3.08888,172,838.305081
8.422137,196,839.88974
6.906748,184,841.142985
2.126158,155,842.13683
9.201196,220,843.562046
5.557603,191,844.791766
2.342931,163,845.829905
5.412731,195,847.028962
2.700058,217,848.368078
9.149923,219,849.761691
7.316027,218,851.288933
3.182233,201,852.682649
2.076381,168,853.879534
4.488929,162,855.723129
3.283933,164,857.099598
5.113482,179,858.24044
19.721556,279,859.982138
8.444601,229,861.420029
10.894142,227,862.803512
6.371404,181,863.882194
5.89187,185,864.97549
12.122333,200,866.178935
5.281543,215,867.443976
5.331085,193,868.580528
6.370174,180,869.655453
3.511793,181,870.744802
7.068637,178,871.817919
2.157006,188,872.933049
0.550616,180,873.994398
10.592518,262,875.555403
1.903003,160,876.498904
1.464984,182,877.590996
5.944613,212,878.868354
1.460443,151,879.75566
1.252869,147,880.614101
4.55439,193,881.753487
-0.185415,214,883.039786
1.905512,158,883.989933
1.463989,153,884.902767
8.496982,187,886.005784
3.668145,246,887.4537
4.578864,209,888.683948
5.981823,175,889.702473
4.583603,179,890.748489
7.219346,238,892.14546
7.095677,209,893.582217
6.981786,192,894.819089
5.544696,194,896.237677
7.36778,180,897.708392
8.50943,186,899.753222
9.577047,193,900.960794
8.203195,177,902.066372
4.900895,171,903.117
13.734065,194,904.42564
3.471187,181,905.542206
5.388079,210,906.982885
5.6524,174,908.100848
6.995097,210,909.864917
4.744546,192,911.198356
4.939019,168,912.276781
8.338198,196,913.46378
5.968705,207,914.756793
5.457948,205,916.099424
2.443948,190,917.277287
6.115704,196,918.508847
9.278824,244,920.17948
1.018417,187,921.972434
6.066944,180,923.398872
3.913832,215,925.300095
4.468032,184,926.463851
5.593723,164,927.451314
9.699052,205,928.693028
3.911408,159,929.725446
4.237159,196,931.107824
3.053701,174,932.173136
2.804694,167,933.184681
1.828267,160,934.135641
3.945073,158,935.30843
3.707198,162,936.405439
4.299203,157,937.524769
5.09262,155,938.497973
3.085053,161,939.49396
5.395013,183,940.596319
3.930234,156,941.519908
5.610741,184,942.601617
7.100567,190,943.732532
5.895887,196,944.901843
5.587852,203,946.551102
10.347655,203,948.476594
9.716239,225,949.873935
10.579664,189,951.031669
18.286755,200,952.306334
3.986715,188,953.430144
24.192573,208,954.668477
15.681404,223,956.017385
6.39592,174,957.341875
23.137868,261,959.402598
18.752202,220,960.736677
20.270215,257,962.279142
12.891874,233,963.722814
4.535813,201,964.907935
4.328118,216,966.201809
5.813818,244,967.65005
7.782355,187,968.736779
6.048976,220,970.035515
21.012307,254,971.559027
23.425188,266,973.164468
14.291848,202,974.37079
27.042403,303,976.176853
46.145938,343,978.238599
11.631866,219,979.520422
8.620009,175,980.540148
16.906769,192,981.656677
38.165709,356,983.739842
12.922708,206,984.923537
8.804706,196,986.058431
10.061622,204,987.383888
8.116771,185,988.613721
13.274295,231,990.001361
6.951672,204,991.298667
15.404636,245,992.758438
7.803803,172,993.756997
5.567935,178,994.781905
9.45986,234,996.140627
0.621922,184,997.195785
8.860841,192,998.300834
9.668578,172,999.311573
0.149979,221,1000.630166
3.737956,188,1001.733617
2.688473,189,1002.838751
3.205083,190,1003.948443
1.887752,150,1004.80951
5.3503,187,1005.883041
3.721542,177,1006.891276
4.691455,176,1007.892632
6.140323,202,1009.045858
12.315928,249,1010.48169
16.143605,278,1012.298979
12.250223,195,1013.431083
10.738444,211,1014.677095
5.256889,176,1015.681685
9.960696,182,1016.731541
7.162671,185,1017.817707
5.687605,185,1018.907597
6.687152,176,1019.956708
3.27799,161,1020.909532
9.382338,199,1022.095275
15.081682,219,1023.38285
11.065956,195,1024.567141
3.675032,185,1025.694318
6.6135,189,1026.85764
6.901801,183,1028.020618
5.745571,188,1029.167637
4.478977,158,1030.146534
7.446143,199,1031.530702
6.225833,182,1032.684111
7.042819,190,1033.8551
3.432288,186,1035.023706
2.337693,163,1036.1296
4.178292,188,1037.454255
3.510926,158,1038.438782
8.019197,219,1039.828259
6.19419,196,1041.103047
11.6491,178,1042.309508
20.007527,212,1044.119592
12.950025,195,1045.555486
2.831132,168,1046.695478
5.882312,164,1047.839917
1.250834,208,1049.315726
5.371379,231,1051.351738
6.835526,208,1053.08541
10.719269,201,1054.460292
7.981807,211,1056.243796
7.636797,195,1058.268422
4.580612,221,1060.320495
8.0684,197,1062.321356
1.704356,175,1063.787463
15.860433,207,1065.631415
8.334691,221,1067.847739
6.177632,200,1069.681368
3.675236,172,1070.962164
3.314157,172,1072.264866
3.821861,172,1073.49308
3.555101,170,1074.637538
18.735264,227,1076.475839
10.127298,224,1077.924833
5.235101,196,1079.628293
4.537156,187,1081.194543
18.177029,196,1082.607959
19.543319,200,1083.987322
21.043853,197,1085.249201
23.332343,201,1086.599861
11.567009,228,1088.367018
17.018135,181,1089.718405
21.783265,209,1091.57828
6.231011,197,1093.047575
9.511963,185,1094.310017
15.438197,266,1096.284586
18.610475,203,1097.719102
11.383957,223,1099.309366
13.545889,275,1101.202906
2.122351,176,1102.347166
5.029754,199,1103.990581
3.786577,175,1105.426107
19.61525,289,1107.488334
10.446193,245,1109.169005
1.865252,201,1110.442902
2.354789,172,1111.64356
8.0414,202,1112.991748
8.700755,203,1114.259793
3.80698,207,1115.572464
1.704544,206,1116.882836
4.913834,186,1118.01874
4.995392,205,1119.338953
1.503273,183,1120.492929
3.749867,176,1121.621839
7.363736,219,1123.020522
5.092223,186,1124.178691
8.375241,176,1125.389843
11.087296,237,1126.894938
3.718265,211,1128.199239
4.792517,200,1129.565828
3.98447,201,1130.84963
5.56829,196,1132.034311
3.585572,199,1133.221533
3.450852,185,1134.305586
4.870892,186,1135.398216
3.549205,174,1136.422361
9.814621,180,1137.524039
7.794225,229,1138.940157
1.305074,177,1140.031215
3.866233,199,1141.242226
5.441367,195,1142.473347
1.520276,176,1143.53481
4.77078,184,1144.607441
3.152091,203,1145.830106
7.089592,180,1146.886103
3.127726,181,1147.964385
5.772499,189,1149.072667
3.043199,184,1150.178725
3.33913,204,1151.442719
4.808565,182,1152.536208
4.587532,204,1153.733186
5.221136,180,1154.809787
4.945589,187,1155.89277
5.510615,206,1157.093649
10.225471,193,1158.250813
6.161275,188,1159.357012
7.849166,191,1160.473502
6.688429,201,1161.642007
4.288668,199,1162.798871
9.314408,224,1164.105259
4.097916,191,1165.226167
5.474058,183,1166.33107
10.611089,219,1167.595275
10.290253,213,1168.823282
8.083069,211,1170.133222
14.93653,231,1171.67049
6.892024,225,1173.107837
7.776475,208,1174.401514
11.544521,206,1175.651004
6.619786,228,1177.078243
7.130464,200,1178.282883
8.388349,210,1179.547776
9.229031,200,1180.737615
12.92465,199,1181.994385
15.087846,273,1183.702237
7.682632,217,1185.000824
15.383946,196,1186.217399
14.225516,249,1187.709052
10.439368,202,1188.949944
9.469157,209,1190.208229
14.494337,235,1191.629484
9.229662,178,1192.725183
15.220665,237,1194.170827
12.711283,241,1195.584026
12.512102,230,1196.923744
10.344334,219,1198.198327
14.213943,225,1199.499358
6.946723,200,1200.70534
8.121424,196,1201.885041
8.599644,180,1202.923372
7.201363,198,1204.080868
6.604208,171,1205.120004
6.250185,197,1206.302233
7.139473,167,1207.290192
10.315469,220,1208.668811
8.068642,200,1209.902572
20.651659,244,1211.390979
7.215975,215,1212.722039
7.47201,192,1213.901473
6.917781,171,1214.97494
10.045067,221,1216.823428
9.733474,208,1218.968401
12.167225,265,1220.707721
8.783638,197,1222.014829
5.918649,188,1223.200034
7.449623,202,1224.44992
10.052741,189,1225.593976
4.560867,195,1226.780441
10.775157,197,1227.941485
11.563169,224,1229.250114
23.119114,258,1230.806319
11.233123,229,1232.160963
11.676474,232,1233.519924
14.721988,210,1234.744563
12.97691,213,1235.991118
10.19329,187,1237.070111
24.104653,314,1238.918954
4.49849,186,1239.99436
2.3421,186,1241.077188
13.270904,277,1242.706451
5.321329,209,1243.92722
-4.792923,184,1244.995545
20.735256,254,1246.51939
10.050883,268,1248.112779
1.164289,142,1248.953003
5.698403,221,1250.239835
10.839016,232,1251.616116
0.89519,207,1252.890606
6.031006,207,1254.090082
3.243782,210,1255.301488
9.483,228,1256.626256
4.702009,165,1257.570211
9.844525,193,1258.68198
10.057023,242,1260.080472
4.837557,176,1261.095343
12.537866,199,1262.23521
1.588113,171,1263.230403
11.372812,190,1264.323582
10.986871,258,1265.823804
13.064029,262,1267.335945
8.468496,183,1268.390207
5.782696,170,1269.367071
5.810139,208,1270.579067
6.949218,170,1271.748424
6.685592,207,1273.009053
1.072531,184,1274.072465
7.994394,197,1275.225375
7.145063,249,1276.686224
17.124649,222,1277.9634
4.865056,187,1279.062316
3.245049,189,1280.149444
8.426827,181,1281.192861
6.537046,188,1282.343958
0.884994,185,1283.404436
10.110461,185,1284.457951
9.177808,238,1285.830745
4.904283,187,1286.905822
5.307709,185,1287.965351
4.960492,172,1288.94181
1.6702,171,1289.912438
3.125267,182,1290.948876
3.028089,180,1291.972974
9.909686,187,1293.040993
0.370266,197,1294.160964
2.658364,186,1295.216761
7.130668,192,1296.313381
6.983115,182,1297.348032
16.075722,248,1298.769856
7.716893,221,1300.033872
5.461897,192,1301.130607
2.598854,163,1302.054151
3.9888,164,1302.983378
7.356567,186,1304.047553
5.497501,193,1305.148149
3.664955,191,1306.235446
10.377861,228,1307.537357
8.561043,198,1308.689315
9.060188,179,1309.707966
3.670148,194,1310.815527
6.109488,194,1311.938286
6.71098,229,1313.25529
4.681,194,1314.360459
14.185533,202,1315.516656
6.11487,190,1316.600735
5.744454,208,1317.790628
5.364563,201,1318.950086
6.174357,204,1320.117056
12.070749,238,1321.48246
11.760335,229,1322.793582
9.626418,224,1324.096223
10.332266,234,1325.436982
7.628909,206,1326.616837
6.964912,192,1327.714906
16.088294,220,1328.978372
6.203918,191,1330.068238
4.482839,188,1331.143699
14.787849,244,1332.543327
5.18467,213,1333.758805
4.506889,196,1334.87907
16.567651,187,1335.98919
3.290839,201,1337.145739
1.954631,190,1338.238401
7.302075,195,1339.37675
9.645378,195,1340.489936
15.677284,241,1341.883726
12.911301,256,1343.37357
15.331816,224,1344.656992
10.721461,205,1345.828326
13.907766,243,1347.236531
14.352864,231,1348.562977
17.19358,260,1350.059204
17.158048,226,1351.359353
11.359778,269,1352.901812
9.28614,245,1354.309897
2.127344,214,1355.527677
1.041155,179,1356.545784
8.673117,211,1357.75359
5.84534,217,1358.989866
3.256608,211,1360.204324
6.113619,212,1361.412932
3.005177,227,1362.705951
20.192314,362,1364.799241
12.660686,252,1366.262374
5.811791,206,1367.441719
15.049488,295,1369.163617
6.7347,215,1370.395869
11.227079,250,1371.839288
10.532515,214,1373.067634
6.533561,223,1374.352856
10.386535,220,1375.616939
8.888962,208,1376.811369
13.746002,275,1378.407486
11.16086,253,1379.85574
5.078741,196,1380.977947
4.408342,180,1382.004982
10.19182,236,1383.37014
9.899555,221,1384.635533
6.582667,230,1385.947039
11.706596,265,1387.477472
9.79593,244,1388.871947
18.748811,238,1390.239562
9.38848,237,1391.592819
3.972931,207,1392.767905
10.098912,237,1394.120685
5.419871,207,1395.320776
9.22257,227,1396.617422
12.933858,254,1398.066812
9.1602,235,1399.437977
10.052185,206,1400.611214
8.729139,228,1401.976512
6.686019,214,1403.220049
7.158886,247,1404.633492
3.683077,215,1405.856679
8.270723,205,1407.029748
2.697341,181,1408.058494
2.534093,203,1409.214493
7.867744,200,1410.361631
3.787796,220,1411.624492
1.414821,153,1412.492801
2.069705,158,1413.386931
1.531702,153,1414.246754
0.724569,151,1415.103527
2.323888,167,1416.058036
3.206603,165,1416.996751
0.97734,142,1417.83278
-1.262598,217,1419.1499
1.253997,148,1419.999429
1.307753,145,1421.093949
9.142786,284,1423.079058
1.87607,156,1423.999835
1.93586,160,1424.960783
1.804955,151,1425.940554
0.824801,145,1426.836058
8.489337,253,1428.448871
2.868255,199,1429.672987
1.797122,195,1430.872416
5.941517,224,1432.252602
2.749959,166,1433.242249
1.00886,210,1434.582064
2.513004,197,1435.749207
1.897621,234,1437.632547
6.315294,241,1439.475719
2.882713,205,1440.745276
7.616209,217,1442.102076
8.512547,259,1443.710664
13.095752,282,1445.423546
7.606332,280,1447.143235
3.354951,193,1448.377756
9.132066,232,1449.97809
6.453306,211,1451.25784
2.768749,177,1452.337505
4.4417,220,1453.747035
3.600064,171,1454.81696
5.05611,233,1456.560843
6.953066,225,1458.506661
8.872945,223,1459.957559
5.395016,215,1461.326888
5.05744,215,1462.691459
19.187608,272,1464.541773
10.881526,254,1466.273747
7.230816,235,1467.791372
7.297743,214,1469.21514
5.22115,224,1470.794599
13.24412,315,1472.985323
7.97772,255,1474.735556
10.110497,238,1476.402476
10.940049,222,1477.931449
7.530147,238,1479.731383
6.902406,217,1481.259439
9.423722,237,1483.011396
6.747789,225,1484.525579
6.011631,229,1486.340107
12.345338,271,1488.196894
3.409568,223,1489.658659
12.859027,276,1491.415526
5.938442,190,1492.624501
8.218947,222,1494.043328
10.808248,268,1495.831264
8.389211,282,1497.745921
3.976698,193,1499.252379
3.813713,208,1501.197395
5.052325,189,1502.80272
4.256362,205,1504.581478
4.371108,199,1506.266508
5.029569,201,1507.627882
12.393023,262,1509.285326
12.382598,297,1511.606685
4.714696,224,1513.211284
15.214184,332,1515.423447
10.399212,267,1517.151323
4.553594,200,1518.457394
15.329329,307,1520.502037
17.428318,279,1522.311503
6.515722,261,1523.939789
22.467066,433,1526.847326
14.460032,305,1528.888553
14.113236,243,1530.49158
7.901485,237,1532.096474
6.440235,225,1533.572606
17.449602,257,1535.306528
10.527605,249,1536.976225
18.445258,276,1538.852463
1.84103,225,1540.342244
10.409568,221,1541.836458
5.158418,212,1543.263614
5.00436,210,1544.689279
12.79296,232,1546.17635
13.826353,238,1547.718312
8.220981,253,1549.319311
7.65187,234,1550.765525
4.867917,247,1552.332019
41.289747,309,1554.266219
10.890848,233,1555.763977
10.586644,231,1557.142146
14.042806,288,1558.8277
4.932292,246,1560.265623
5.370567,222,1561.562002
4.594251,243,1562.968222
10.286477,253,1564.455564
8.543795,249,1565.892254
9.85223,264,1567.436442
14.985093,253,1568.921258
14.596863,255,1570.408696
17.347849,283,1572.036287
6.109054,240,1573.415583
10.644387,263,1574.924676
9.524499,285,1576.595443
3.874875,236,1577.947729
7.270737,255,1579.438429
5.544122,207,1580.614834
6.598849,259,1582.097498
7.034136,221,1583.361718
13.896717,285,1584.986578
6.443655,245,1586.39432
4.371238,223,1587.665601
3.572416,249,1589.084023
10.946151,296,1590.791482
15.513271,296,1592.503765
3.09415,221,1593.990657
29.971211,379,1596.221264
13.2809,267,1597.747323
18.21765,297,1599.448921
9.00334,273,1601.005737
10.842643,277,1602.640835
6.789267,236,1604.018554
4.894447,211,1605.262493
5.804731,208,1606.48458
5.051311,238,1607.886601
13.315961,282,1609.573643
3.057615,189,1610.681457
5.967442,209,1611.908564
35.202664,393,1614.254049
4.310825,201,1615.437259
6.592096,222,1616.74639
5.47001,214,1617.999134
6.813845,227,1619.336186
7.160646,228,1620.677911
4.953099,251,1622.177942
11.890464,300,1623.967681
11.425729,251,1625.452389
9.849524,264,1627.008112
11.486896,259,1628.54017
15.908662,226,1629.867809
8.69853,266,1631.446642
9.194718,264,1633.0003
6.454068,201,1634.169392
3.385014,203,1635.374845
6.78469,218,1636.662678
9.93645,221,1637.959518
3.825735,213,1639.225062
6.951068,198,1640.384079
2.969298,200,1641.562687
5.030695,203,1642.752968
2.300781,215,1644.01596
1.919171,299,1645.785619
4.080892,220,1647.079064
4.762856,201,1648.26297
4.052478,194,1649.397706
3.420184,205,1650.60223
7.961039,236,1651.998081
4.938796,265,1653.563695
7.343067,221,1654.864072
3.992003,204,1656.059338
4.286449,205,1657.266619
1.182142,142,1658.091468
5.645143,222,1659.398057
7.814052,229,1660.75521
1.040554,156,1661.66822
9.872481,221,1662.981744
6.754944,195,1664.112354
12.079577,242,1665.520869
0.757157,142,1666.337593
1.087103,195,1667.470001
1.317685,152,1668.345383
13.2615,239,1669.766642
11.528186,225,1671.079808
6.727283,224,1672.388325
2.47768,204,1673.576813
1.070972,189,1674.684123
4.091984,205,1675.878054
1.717509,194,1677.030978
3.348792,208,1678.240684
8.778058,228,1679.568898
7.705427,218,1680.846957
10.061188,220,1682.132241
6.999546,205,1683.325664
3.462858,213,1684.58614
0.317754,180,1685.635242
1.75951,212,1686.879465
8.184936,207,1688.091249
7.46807,222,1689.388096
6.182488,199,1690.538798
8.313848,190,1691.648185
4.961856,192,1692.771354
5.750016,205,1693.966827
4.362493,174,1694.974693
4.839489,195,1696.129523
5.18637,201,1697.297125
7.084616,199,1698.444833
6.430817,219,1699.744182
5.82022,197,1700.886006
2.84674,190,1701.991027
7.363932,233,1703.34157
4.388981,204,1704.51815
5.447087,187,1705.592542
3.987754,176,1706.611282
19.440308,204,1707.797679
6.669594,204,1708.975549
6.294478,194,1710.086534
6.834828,199,1711.235698
5.778303,178,1712.266208
5.563715,166,1713.21594
13.531598,214,1714.44927
4.74347,201,1715.603233
7.587004,198,1716.743426
7.4483,171,1717.718277
7.034452,194,1718.833427
5.752979,196,1719.955734
7.57896,246,1721.370345
8.235285,186,1722.430471
2.579275,165,1723.369886
2.069864,154,1724.248372
7.5334,221,1725.508698
3.308393,169,1726.469637
8.487678,200,1727.612009
2.235513,209,1728.826218
3.020739,165,1729.75666
9.453179,275,1731.364571
1.775023,152,1732.246709
1.360459,161,1733.192916
4.549242,194,1734.327985
9.439157,203,1735.517265
1.246923,175,1736.533152
10.636208,208,1737.765669
1.298915,177,1738.801194
4.526992,201,1740.007107
3.956719,178,1741.023832
5.696296,188,1742.130239
2.928326,165,1743.09859
3.146706,168,1744.10133
6.633949,176,1745.14968
3.264886,168,1746.176159
8.535907,189,1747.308167
9.771071,213,1748.697739
10.158318,208,1749.985478
7.044803,174,1751.005011
8.810981,183,1752.072754
6.510079,178,1753.111186
2.012433,175,1754.137035
7.670267,168,1755.127907
1.603716,242,1756.581999
8.081149,180,1757.639744
4.728107,164,1758.584217
11.760298,207,1759.8441
4.397046,185,1760.927113
5.74981,171,1761.940785
6.023842,179,1762.986691
5.382181,202,1764.188573
4.619612,165,1765.165917
2.420478,173,1766.190896
0.864141,168,1767.164119
4.392309,212,1768.522185
4.641029,212,1769.772472
8.976345,171,1770.775655
2.925355,157,1771.785737
1.573329,156,1772.736765
2.907656,180,1773.84784
2.533507,165,1774.840279
2.703152,153,1775.736335
-0.738115,150,1776.683894
0.800152,147,1777.546764
-0.423555,156,1778.501701
-1.950327,154,1779.48905
-1.621323,151,1780.509027
-5.539168,169,1781.531308
-3.812026,168,1782.584376
-2.339335,165,1783.676061
-4.783815,169,1784.75666
-3.842044,166,1785.822222
-2.3558,166,1786.950993
-3.330398,167,1788.055419
-2.284579,165,1789.215722
-1.72261,152,1790.224479
-4.125217,164,1791.393983
-1.552154,162,1792.503649
-0.442001,144,1793.44189
-1.833617,166,1794.533933
6.609615,172,1795.726927
0.849287,164,1796.827823
0.637879,168,1797.935601
8.172215,180,1799.154895
8.118541,185,1800.310435
7.797651,157,1801.26222
8.542815,178,1802.451793
8.268083,177,1803.620068
7.40798,161,1804.70551
8.840976,176,1805.897881
8.907349,177,1807.092284
9.458667,180,1808.338651
9.679981,175,1809.534639
5.861187,159,1810.591259
6.493376,153,1811.645169
5.985025,151,1812.649285
7.532832,157,1813.684315
7.532903,157,1814.747235
6.069056,163,1815.879624
9.326128,162,1817.003953
10.246359,166,1818.114035
11.653708,177,1819.30994
9.621806,172,1820.50694
12.904192,180,1821.641763
9.771556,198,1822.874327
12.148169,192,1824.032145
8.87889,181,1825.103374
10.385635,201,1826.342338
18.271486,208,1827.657781
11.517116,208,1829.00834
12.071642,185,1830.178955
10.803361,182,1831.348539
5.551601,197,1832.596837
7.731001,222,1833.992478
3.344834,185,1835.155184
5.730899,203,1836.460593
1.84366,179,1837.593643
5.86164,192,1838.853391
3.668574,178,1839.928021
3.275907,175,1840.956914
2.447531,173,1841.981393
1.600261,188,1843.087975
0.838201,160,1844.024518
0.833987,171,1845.025777
1.066908,162,1845.96927
2.316894,181,1847.026684
3.159369,179,1848.067932
2.9323,172,1849.084272
4.424108,191,1850.192127
1.492327,165,1851.141891
1.938472,181,1852.193026
4.319501,175,1853.201313
6.593514,204,1854.38033
3.461247,186,1855.460418
9.226326,253,1856.936748
5.200744,210,1858.154731
8.64106,220,1859.430147
6.380039,224,1860.730935
6.8639,213,1862.119487
7.225468,285,1863.816387
8.077044,249,1865.26964
6.982497,217,1866.533302
8.145613,216,1867.786557
11.201547,246,1869.214676
13.713665,256,1870.70074
14.242161,262,1872.219529
9.812422,222,1873.518722
11.617197,247,1874.953431
9.911947,255,1876.498895
12.711014,266,1878.059775
9.576403,241,1879.484272
7.518732,194,1880.648588
6.885764,189,1881.78515
5.543222,205,1883.063884
5.564556,179,1884.132106
9.202682,219,1885.439643
17.153146,280,1887.094743
11.944633,232,1888.45846
11.904958,271,1890.153096
9.409591,247,1891.965253
14.720585,316,1894.058088
6.125545,180,1895.200391
6.356091,243,1896.697601
9.589285,226,1898.071892
5.832449,193,1899.320481
5.552464,188,1900.515825
4.271305,185,1901.728036
8.796465,246,1903.302678
3.818559,187,1904.542118
3.018749,187,1905.763116
3.758762,167,1906.857928
5.050301,188,1908.099531
4.834532,176,1909.282432
4.914431,183,1910.443312
3.343118,175,1911.609191
5.422733,188,1912.796958
1.919833,167,1913.862805
2.801174,168,1914.966638
5.439193,188,1916.173917
4.403602,176,1917.27159
