#{"t_start": 1776795160.370146, "env_id": "BDXCourseProject-v0"}
r,l,t
-6.502995,183,0.615843
-28.746415,243,0.765339
-17.130059,213,0.905445
-17.372118,259,1.063809
-17.046966,230,1.204272
-9.54736,217,1.34938
-32.620933,256,1.57016
-20.640252,237,1.723327
-7.521094,198,1.848084
-9.894959,204,1.97778
-16.30211,243,2.134181
-7.24304,184,2.249359
-11.312823,209,2.375001
-5.200741,180,2.478502
-8.802386,236,2.63331
-7.490032,196,2.752763
-8.02408,187,2.871915
-5.112616,180,2.993702
-13.776351,204,3.138582
-7.593999,187,3.267072
-5.928855,200,3.393797
-4.811724,201,3.543582
-6.582525,173,3.676604
-18.076214,266,3.856189
-4.018322,194,3.969653
-6.530599,179,4.074779
-3.296875,188,4.19183
-7.652087,227,4.329628
-11.649273,260,4.507774
-14.753169,226,4.637512
-10.214273,176,4.738758
-13.666706,269,4.900799
-9.514923,223,5.039798
-10.684158,209,5.183617
-12.811721,266,5.364741
-8.892906,203,5.500913
-10.92857,211,5.629114
-9.487412,253,5.786344
-15.975075,263,5.945549
-15.409731,277,6.113509
-5.532677,209,6.234764
-4.608313,208,6.361795
-11.906237,216,6.488869
-4.305617,220,6.624123
-8.141415,272,6.792786
-5.059559,212,6.918149
-8.618277,242,7.071932
-3.740032,232,7.234491
-4.787608,206,7.362673
-4.383443,202,7.48841
-3.545277,174,7.597018
-4.927314,192,7.722815
-6.202668,198,7.850774
-5.968509,174,7.965918
-2.599861,177,8.066638
-4.708592,211,8.188464
-2.525381,196,8.305241
-14.424426,229,8.448765
-10.590241,286,8.627548
-1.595584,172,8.726266
-1.795033,196,8.875228
-3.004445,204,8.995793
-1.690468,206,9.114878
-12.961684,377,9.335233
-8.607625,286,9.514753
-3.875358,215,9.637763
-8.414816,226,9.770581
-6.03662,340,9.973512
-5.716462,326,10.164589
-6.960887,297,10.339749
-4.514046,207,10.460896
-6.581403,409,10.712495
-8.156737,537,11.031374
-5.336033,239,11.174277
-6.110429,282,11.339857
-3.480271,225,11.468379
-4.002891,248,11.619974
-9.776518,336,11.83189
-4.991101,271,12.016731
-10.095745,604,12.411121
-4.803304,433,12.689604
-1.865003,187,12.795061
-5.318281,347,13.028074
-3.270947,247,13.180154
-2.626001,195,13.290361
-3.573666,219,13.422143
-5.911714,253,13.57746
-5.324595,217,13.708186
-4.899138,275,13.872265
-6.555396,349,14.107546
-1.227064,307,14.301203
-2.327394,362,14.536711
-2.597516,196,14.651178
-0.193473,385,14.903832
-1.357769,201,15.017777
-1.482806,286,15.191904
-1.107095,203,15.311232
-0.912481,237,15.449262
-1.982158,192,15.558427
-1.259054,213,15.682241
-0.173898,200,15.79709
-1.179794,197,15.911163
-1.507942,196,16.022626
-0.085147,275,16.194852
0.259774,311,16.391932
-0.238099,252,16.559967
-0.349789,260,16.711212
-0.976307,236,16.846308
0.965149,292,17.015749
-6.985686,504,17.314916
1.252598,283,17.478221
-1.071147,303,17.659771
-8.28468,272,17.836222
-11.036834,359,18.060063
-4.269894,266,18.222781
-1.366508,568,18.594357
0.325591,312,18.780467
-3.423965,236,18.922666
-0.595826,462,19.217405
1.670484,467,19.537712
-4.086355,261,19.701049
0.621096,401,19.970908
1.807645,413,20.245781
-0.815943,221,20.411076
-1.535075,284,20.587393
-1.750414,291,20.787529
-1.268817,220,20.918671
-2.453162,216,21.046416
-1.54609,212,21.170505
-2.290797,239,21.313018
-3.123252,293,21.498906
-2.726894,298,21.693559
-3.075903,276,21.873108
2.142997,438,22.154744
-1.009795,328,22.36566
0.221363,543,22.767447
-1.176765,413,23.057827
-5.768754,301,23.257618
-0.388068,394,23.501724
-0.275638,290,23.682102
-0.134489,295,23.861829
0.234456,311,24.054195
1.845143,358,24.280243
0.188202,414,24.566413
-2.418317,238,24.70551
-3.589144,261,24.861085
-2.154432,292,25.064323
-3.37208,270,25.225255
-1.390556,259,25.381496
-4.724913,316,25.584264
-3.542313,326,25.796904
-2.068696,339,26.008494
-3.940884,246,26.15735
-1.262827,261,26.319586
-3.439729,247,26.470715
-4.426317,247,26.619023
-3.384919,246,26.783581
-5.226086,268,26.94914
-2.165412,351,27.176443
-2.473165,394,27.441127
-3.763035,229,27.577677
-2.559197,237,27.724789
-3.233907,358,27.972378
-3.493915,334,28.188261
-3.703178,365,28.44975
-5.377759,438,28.752048
2.963849,519,29.14506
10.590649,630,29.666496
1.813025,290,29.858267
0.189878,248,30.013859
5.842453,444,30.320724
3.566106,384,30.574809
6.074549,392,30.83997
4.352207,389,31.124529
2.880415,302,31.316234
3.012587,331,31.536411
-1.301238,366,31.797423
-3.16806,334,32.019712
7.506956,694,32.523925
-0.87392,322,32.734679
-3.320348,326,32.945181
-0.986049,357,33.180334
5.886198,546,33.555373
2.990722,308,33.755123
1.771027,306,33.95196
1.164696,283,34.132214
0.302264,275,34.31794
2.065635,294,34.506457
2.087411,273,34.676452
0.098758,262,34.840383
0.889852,300,35.031643
-0.109307,250,35.191687
-3.559637,224,35.327817
-2.847947,218,35.464729
-2.075775,201,35.58434
-1.723791,209,35.711737
-1.933616,194,35.830009
-2.220568,203,35.951696
-3.496616,189,36.064599
-4.355862,188,36.175855
-4.547333,184,36.284227
-4.601726,196,36.405941
-5.445866,196,36.5222
-3.606081,200,36.646638
-3.903678,197,36.765628
-4.626677,197,36.885681
-4.776683,203,37.012704
-8.079436,202,37.136654
-4.507841,194,37.253881
-4.949564,202,37.380268
-4.823076,216,37.536387
-3.957486,212,37.681882
-4.598965,191,37.798267
-5.069338,207,37.927363
-1.794186,237,38.111815
-0.582004,271,38.288157
-0.39904,333,38.513844
-3.588586,258,38.682118
-3.960615,246,38.837171
-1.559232,300,39.035161
0.831063,323,39.250621
4.184937,400,39.526836
4.847861,394,39.798879
7.98255,476,40.134967
3.558996,315,40.342557
0.51303,243,40.491052
1.332928,253,40.654253
2.407307,320,40.86167
8.364715,542,41.250964
7.98934,482,41.591588
17.616186,773,42.16857
6.389751,391,42.446647
3.359342,345,42.689451
6.078797,392,42.992776
5.794735,376,43.260373
19.277678,785,43.878452
7.857477,695,44.414636
10.06234,667,44.924691
16.378938,671,45.452753
12.033066,536,45.855662
-5.368775,283,46.065677
6.602341,363,46.362601
1.561985,263,46.536767
6.130859,374,46.8012
11.878561,521,47.195502
35.862298,1204,48.173949
11.515035,513,48.557878
3.429786,330,48.788004
3.856699,336,49.03745
-4.474357,273,49.225886
-3.323975,255,49.434882
3.645669,323,49.665819
-0.813231,371,49.939071
-2.570973,294,50.1432
-1.492321,328,50.384434
0.953982,267,50.565898
-4.022569,268,50.757446
-2.364309,320,51.007814
17.457704,1035,51.837217
8.956066,526,52.249699
-0.60543,240,52.408111
1.492713,262,52.58291
1.448386,251,52.753166
0.992478,243,52.914991
1.497235,250,53.086005
0.652671,238,53.264939
2.767746,299,53.480838
2.742991,325,53.706891
-3.130134,340,53.946455
-2.646085,343,54.18581
0.360395,498,54.551479
-1.481491,287,54.747656
-1.42436,262,54.922203
1.435369,356,55.183379
1.435845,426,55.490486
10.639246,646,55.961214
4.424774,342,56.191832
2.608102,281,56.377349
2.183022,298,56.573384
3.025452,335,56.805525
2.352195,320,57.020035
4.395466,355,57.261458
5.356302,407,57.538111
13.82678,933,58.249276
-0.63078,335,58.47233
4.946714,588,58.878312
-1.629794,402,59.181951
8.126198,562,59.586938
3.698612,528,59.946958
6.289646,529,60.290671
5.432069,420,60.561527
4.764473,434,60.863196
2.675398,432,61.134575
-1.46139,375,61.376228
-1.43381,372,61.61227
3.834955,517,61.982417
-9.247839,582,62.388945
-4.669563,421,62.675674
-1.78332,459,62.994249
2.584484,302,63.188366
5.309625,389,63.45122
3.977964,379,63.709268
-1.909475,339,63.93489
4.243094,370,64.184576
-2.256068,351,64.418344
-3.190112,336,64.641936
6.066858,567,65.053967
4.012074,459,65.371391
3.352026,328,65.589168
-3.973461,359,65.831509
-1.139606,331,66.05621
-4.599383,276,66.237604
1.562077,255,66.40129
-0.076458,248,66.575708
2.017153,254,66.739901
2.683925,285,66.922195
-1.593101,303,67.121005
2.608187,350,67.356944
2.67266,314,67.565303
5.636353,417,67.865684
-1.347346,339,68.096189
-4.580755,298,68.292137
2.75893,323,68.512096
-1.256114,298,68.708391
-0.686044,330,68.930189
-1.018433,346,69.170807
-1.867154,325,69.389665
1.022937,280,69.572432
2.906864,278,69.773258
3.247454,323,69.992353
-3.518621,261,70.163881
-3.809153,253,70.326078
-3.555627,276,70.540372
-1.823302,319,70.757816
30.597429,1332,71.848849
0.066276,345,72.084915
16.213269,628,72.564676
9.816225,467,72.906807
49.927858,1555,74.165539
55.791797,1708,75.534357
6.463634,442,75.859299
6.247738,561,76.277509
30.051118,1250,77.276893
44.565623,1517,78.51795
54.921012,1721,79.928024
15.40968,655,80.412413
84.773505,2506,82.435227
8.175033,592,82.869442
-1.845655,279,83.071047
-1.923229,293,83.265949
-3.725315,255,83.428183
-2.992039,246,83.584248
0.403044,381,83.84976
31.06902,1045,84.72543
15.457996,625,85.192541
85.256569,2571,87.188765
40.752527,1318,88.216
41.326259,1295,89.18378
75.820825,2237,90.809782
43.814262,1385,91.818779
21.478866,800,92.379062
12.03559,548,92.774539
19.210502,710,93.272452
31.85192,1056,94.050367
16.960541,797,94.64558
10.035391,508,94.995094
5.743548,399,95.264023
0.480554,251,95.413311
1.257353,254,95.564406
1.228415,253,95.720982
0.810916,252,95.881171
0.981478,272,96.044419
0.595889,237,96.182021
1.510231,263,96.342623
4.204857,330,96.546738
6.881877,522,96.901954
-2.942917,303,97.091045
20.526084,872,97.734959
1.579252,272,97.904271
3.18661,290,98.083901
0.903198,252,98.236822
0.093374,225,98.371537
1.742505,258,98.536067
2.030222,267,98.716701
0.589356,239,98.866813
1.113409,234,99.008098
1.268612,245,99.157606
4.382125,440,99.461557
-0.662933,337,99.676171
-3.455432,297,99.8621
-1.352148,344,100.079045
1.880693,277,100.254371
-3.327858,305,100.445607
1.613107,394,100.697717
1.642317,266,100.863016
4.868062,463,101.169264
1.052782,340,101.415296
1.439684,348,101.638929
0.958351,307,101.832528
-0.262964,239,101.977406
-0.397065,309,102.171566
0.043841,240,102.317353
0.751786,312,102.516755
-0.587907,226,102.65442
-0.370137,225,102.787202
-0.268129,227,102.921784
0.598248,267,103.088747
1.314067,262,103.252325
0.672781,276,103.442056
