#{"t_start": 1776889295.311914, "env_id": "BDXCourseProjectImitation-v0"}
r,l,t
10.147245,205,0.087124
5.268166,159,0.141667
14.395955,232,0.22983
4.550981,201,0.304126
5.6094,168,0.363162
6.673867,171,0.421954
5.479332,165,0.478636
43.139275,415,0.655037
7.646542,183,0.722247
6.211726,194,0.79287
8.311925,185,0.859121
6.107321,177,0.921435
10.449134,197,0.99557
4.411304,183,1.062919
15.526229,227,1.148194
21.833072,286,1.267146
10.309847,187,1.334417
7.416751,187,1.400534
6.431259,176,1.464629
0.725042,157,1.518076
5.709123,166,1.575651
11.792822,207,1.65123
11.699108,213,1.728791
13.898627,231,1.815046
8.966803,179,1.879308
12.599809,218,1.962933
8.14277,194,2.03746
9.28264,205,2.11727
3.080324,169,2.177554
15.948837,241,2.273922
30.217048,345,2.422969
15.448399,214,2.50343
6.283867,248,2.604563
8.237909,232,2.69379
8.818766,202,2.771186
5.390996,196,2.842082
8.022561,195,2.913925
8.747044,178,2.976151
9.058321,188,3.083106
7.438999,204,3.163097
5.606034,172,3.225524
14.26157,231,3.317425
7.804409,175,3.380286
14.852324,269,3.4911
4.668865,186,3.560636
5.619697,170,3.620051
16.592565,247,3.720976
8.462917,182,3.786303
6.295983,177,4.397132
7.529566,235,5.848344
6.72575,175,6.976909
7.00552,214,8.316488
7.457031,203,9.573223
6.330812,172,10.557795
7.245221,179,11.582942
10.38213,209,12.793819
24.499216,279,14.530177
4.669478,162,15.578522
9.028795,234,17.082949
8.217086,186,18.266352
7.00233,214,19.625788
6.264905,167,21.069789
3.501222,165,22.136395
4.522805,172,23.106833
5.139254,173,24.281803
3.945286,180,25.393917
6.123955,164,26.319023
5.349786,213,27.526829
4.197196,166,28.463662
9.045875,224,29.767601
3.690809,177,30.77488
7.454625,183,31.810533
5.545173,181,32.847987
5.036927,171,33.814046
5.537533,174,34.825292
3.340485,172,35.802249
8.328,228,37.098775
-1.663858,189,38.1756
5.178519,237,39.524654
-0.364586,162,40.439592
2.363282,194,41.535168
5.307804,179,42.547531
9.883615,196,43.654209
7.495756,181,44.696199
7.527946,182,45.740346
8.488214,191,46.817413
6.737921,223,48.085763
-0.300023,176,49.076037
5.954031,213,50.291463
5.527869,187,51.346613
4.266585,166,52.283496
5.793795,180,53.302215
2.228593,175,54.315176
3.56499,171,55.321784
3.772597,170,56.277766
7.04149,191,57.368014
7.265773,197,58.501332
2.249171,170,59.461852
1.475593,165,60.463851
1.96088,167,61.556531
4.891575,174,62.609366
5.411022,203,63.861391
4.111984,187,64.981889
4.468414,181,66.044392
5.668398,189,67.347107
2.685096,197,68.58741
3.539347,155,69.676292
1.854447,185,71.023739
4.249753,163,72.013364
3.556155,162,72.999818
3.975667,165,74.306035
3.319043,164,75.335312
-0.224641,186,76.419131
4.602249,171,77.404269
6.623568,166,78.343832
1.479967,192,79.453878
2.761252,170,80.428185
4.832247,194,81.539403
2.058318,175,82.552897
8.14222,202,83.716863
6.453863,192,84.860496
2.500299,181,85.891269
10.643727,203,87.052858
3.460097,199,88.213666
6.177482,181,89.261133
4.984098,177,90.280788
7.801905,198,91.430504
4.733418,183,92.496702
5.952455,195,93.695115
5.401753,173,94.841547
0.162434,176,96.028198
5.091449,176,97.046271
3.660153,168,98.009565
4.583166,171,98.978558
1.268688,184,100.03623
4.400551,170,100.998634
4.064542,190,102.087412
3.808944,194,103.214915
6.281778,177,104.2508
7.907984,187,105.39425
2.818215,173,106.458783
5.298275,193,107.594925
-0.04892,170,108.558995
4.862808,195,109.693636
3.565887,203,110.853401
0.522196,170,111.843049
0.247077,189,112.921491
0.661742,174,113.963283
7.882146,200,115.20413
1.697027,184,116.271555
1.357466,179,117.357583
0.692508,173,118.357112
0.774274,154,119.238313
1.430121,151,120.150066
0.84476,178,121.335909
2.489924,185,122.461894
-1.391491,196,123.748651
2.453491,181,124.887666
0.602449,168,126.036092
4.501513,161,126.97425
2.980902,167,128.03283
1.357415,166,129.284672
4.58233,157,130.265884
3.605615,176,131.328706
2.67791,164,132.270428
5.485077,197,133.396109
6.532344,204,134.579898
0.164377,186,135.663096
2.536724,158,136.554452
5.375129,173,137.595981
-2.02787,173,138.637757
3.794649,181,139.780546
3.168781,162,140.772769
4.578266,213,142.113571
3.855281,177,143.174781
7.105486,197,144.319547
8.253267,199,145.491644
6.555489,185,146.624197
7.933964,188,147.706436
5.324127,181,148.879088
5.518749,227,150.385942
5.528961,181,151.457138
10.52826,221,152.800579
5.383711,168,153.792254
6.855479,180,154.971601
-1.716086,189,156.304205
5.811415,188,157.529278
7.50199,214,159.004142
8.73449,192,160.307508
6.46441,180,161.33471
4.471886,191,162.755493
1.892341,150,163.638458
-2.907963,194,164.775262
3.424996,191,166.016336
-0.082659,151,166.871483
-0.210544,170,167.842509
-0.567002,165,168.813374
0.073469,147,169.898622
0.497086,152,170.939117
-1.267577,176,172.048047
-1.382941,165,173.147164
2.56971,170,174.196394
-0.90524,153,175.112941
-1.099288,153,176.09207
5.250182,209,177.467317
3.858955,175,178.73988
1.820211,198,180.224371
3.418886,172,181.312582
-0.021953,162,182.235074
1.518269,172,183.217951
3.794515,180,184.319423
2.225222,172,185.433252
4.573944,198,186.60487
2.135598,170,187.686562
8.342884,182,188.7428
4.836801,180,189.905298
5.002807,168,190.87679
0.181927,182,192.081498
3.985048,173,193.114713
2.822825,170,194.213022
4.262347,181,195.448529
4.007907,163,196.380141
3.333965,161,197.295114
3.993028,166,198.232644
3.987506,160,199.135755
3.515038,161,200.045711
4.588809,192,201.136678
6.171091,183,202.185625
4.520226,163,203.112027
3.945669,175,204.109082
3.678268,167,205.11582
2.758578,168,206.061639
0.689635,163,206.983026
2.339438,159,207.906392
1.198512,165,208.838417
2.103866,163,209.758706
3.741378,176,210.759325
5.850909,192,211.855498
2.943506,169,212.818351
3.651108,193,213.911534
2.661501,173,214.918553
3.592274,180,215.976707
3.296458,170,216.935488
4.089293,182,217.966908
3.834186,188,219.038277
9.702222,216,220.269631
0.532146,163,221.187409
2.490765,192,222.318391
9.315881,197,223.439477
3.122644,186,224.490067
8.079622,204,225.708184
-0.560672,164,226.631975
8.3528,194,227.739623
0.370426,184,228.780062
6.02877,205,229.939582
7.91643,194,231.037645
-0.418219,176,232.174295
0.232502,205,233.400539
-2.335087,184,234.477935
2.749641,188,235.588418
12.798806,219,236.866787
1.610103,170,237.843256
8.974368,204,239.011977
4.285425,212,240.220578
7.476388,200,241.36287
6.952113,208,242.576849
8.132467,194,243.674708
7.334626,185,244.734665
4.099296,177,245.749934
3.162248,182,246.808258
4.293561,167,247.750219
8.572414,201,248.889159
3.425874,189,249.954665
5.475781,197,251.070311
4.920925,184,252.147055
4.418025,179,253.164927
6.039083,181,254.193912
4.274222,168,255.200547
0.851104,176,256.200638
3.623763,177,257.207079
8.639333,199,258.346085
6.245099,198,259.466831
2.807554,183,260.507413
3.665194,167,261.485505
12.849903,216,262.722079
5.892949,185,263.774291
3.987866,181,264.83232
5.628486,193,265.967864
4.184461,198,267.097389
6.321032,199,268.257887
3.441646,217,269.516498
5.842328,187,270.581279
3.364223,192,271.702945
-3.690626,195,272.816796
5.892916,210,274.010419
5.366792,207,275.249728
9.394134,210,276.451741
3.799645,196,277.573912
4.862551,179,278.584451
3.437916,167,279.529637
4.534831,183,280.567351
0.061551,187,281.62189
11.032704,214,282.866851
1.801538,185,283.915926
1.789048,187,285.01169
3.904861,182,286.042549
2.242385,184,287.114015
6.167016,182,288.145991
9.309315,183,289.182172
5.481641,176,290.181389
5.29468,172,291.155757
3.83084,175,292.183081
4.063826,163,293.129822
3.607127,177,294.133488
8.973479,183,295.208513
5.782271,191,296.32562
4.126202,180,297.355951
3.847446,166,298.32859
3.196409,225,299.617316
5.572859,196,300.759944
5.989163,183,301.797667
6.083,198,302.927018
2.342321,185,304.082208
2.678498,163,305.143626
9.826668,193,306.237694
5.13976,202,307.38358
5.818618,181,308.409434
5.524431,179,309.424187
5.54593,181,310.451042
6.737552,180,311.471344
7.348268,180,312.492235
2.966063,172,313.462398
6.738447,179,314.472274
8.755418,183,315.538252
2.97579,186,316.590305
4.954922,176,317.588025
11.63649,259,319.064745
3.90473,246,320.494433
5.585543,216,321.724596
1.746901,177,322.726869
11.866748,233,324.050121
7.812422,184,325.161641
9.607123,208,326.340747
0.923765,169,327.295201
0.070367,164,328.243413
4.979358,181,329.264738
9.663798,212,330.464366
0.398771,160,331.366282
-0.69793,163,332.296496
-0.595416,169,333.250269
1.249737,183,334.2915
3.626149,192,335.430974
-1.391697,190,336.509302
4.865104,173,337.487524
8.424749,225,338.776674
5.706193,183,339.842688
-2.021017,182,340.871891
1.640969,162,341.788676
1.868005,189,342.862817
0.196166,161,343.799793
1.228054,166,344.755256
13.298567,269,346.305212
0.805506,168,347.256331
-0.345347,164,348.210463
0.639988,158,349.104617
1.013029,182,350.132766
10.66701,253,351.575808
9.527657,207,352.789557
0.246072,176,353.807477
4.016625,202,354.984208
0.599347,211,356.22032
3.660095,169,357.176529
1.400341,161,358.117673
5.256669,186,359.176292
4.015155,199,360.302177
0.219396,183,361.36925
7.635423,203,362.526651
2.25168,161,363.434781
1.069968,168,364.38087
0.853875,159,365.332392
3.586752,172,366.305461
2.557743,162,367.222972
2.974605,186,368.285312
1.363491,160,369.186445
0.386222,175,370.177856
-2.503839,198,371.333817
0.297374,179,372.353167
2.625986,171,373.320943
1.896564,173,374.300414
5.448753,189,375.425305
10.63398,207,376.609215
5.987108,192,377.697144
10.90708,224,378.984614
4.074808,190,380.064711
6.281398,210,381.253426
4.431308,190,382.363893
2.501053,171,383.330716
7.949373,199,384.455664
12.221259,240,385.885352
7.272769,195,386.991902
6.915733,181,388.021437
8.893974,192,389.12013
7.731101,182,390.146441
8.871658,218,391.411787
10.605146,187,392.476946
9.00702,180,393.494928
6.368773,164,394.419235
10.349508,190,395.521528
8.04637,185,396.568887
8.505051,174,397.586515
7.098805,170,398.54351
7.216602,170,399.504023
8.19983,178,400.513817
7.098258,181,401.56662
8.709771,218,402.809159
4.683435,167,403.749283
6.845505,188,404.833839
6.958802,179,405.879101
7.779756,186,406.948374
6.317873,189,408.030158
8.549084,185,409.081545
3.885625,178,410.091503
7.687993,177,411.093166
7.280209,195,412.232361
8.070129,181,413.256467
5.114461,194,414.354727
6.275167,179,415.425844
5.270301,182,416.450757
8.643834,220,417.705481
12.219585,243,419.12332
9.485863,199,420.250827
7.357161,197,421.368082
10.313043,229,422.67881
6.003713,172,423.736792
11.449563,234,425.246308
6.441633,183,426.311411
7.886236,197,427.456201
0.728067,188,428.568336
7.79837,196,429.695886
8.539659,202,430.977329
6.316372,196,432.279025
13.57852,221,434.646085
10.29666,253,436.198529
1.173367,180,437.249336
11.824388,223,438.584676
11.668745,236,439.961252
6.3183,188,441.292118
-1.324878,201,442.491281
4.680696,171,443.524738
5.344052,198,444.69155
2.818488,224,445.995234
7.979849,185,447.107595
3.048911,189,448.206046
5.106893,188,449.304696
6.639078,183,450.374189
1.717787,192,451.575005
1.745511,201,452.842564
5.516747,211,454.082286
6.329656,202,455.257774
10.290215,225,456.556776
15.066893,239,458.01252
4.692936,220,459.284333
11.865238,222,460.584562
14.659356,272,462.145617
4.69318,195,463.271469
5.090447,184,464.32858
5.088764,201,465.582876
7.452619,187,466.794312
8.344865,201,468.213076
3.19365,229,469.590614
5.759328,199,470.730966
3.435652,160,471.634507
2.29207,178,472.653018
3.753038,198,473.880652
7.176215,203,475.148275
3.561632,175,476.336332
16.797488,267,478.10574
5.598562,181,479.197915
8.201879,208,480.449565
12.617952,257,482.009001
7.973776,195,483.163079
8.392061,213,484.450307
10.069211,220,485.737621
5.76165,205,486.943161
3.086235,168,487.92821
2.570306,210,489.135713
6.556215,214,490.367715
2.212542,180,491.401541
11.874886,248,492.857185
5.427122,199,494.028715
2.812415,179,495.073597
4.590402,172,496.100494
3.667584,171,497.081727
5.382983,185,498.167476
6.06558,168,499.171502
3.020488,172,500.258793
6.821943,198,501.473108
-0.055371,177,502.528945
5.116238,174,503.52999
4.717979,168,504.495317
3.849062,169,505.573265
5.326431,183,506.684837
9.920252,192,507.865535
7.934159,190,508.989363
8.031611,187,510.138716
8.966077,192,511.253808
5.036031,165,512.218493
4.581947,172,513.233589
6.619451,177,514.263709
6.450302,175,515.271437
6.446963,181,516.332498
7.003867,179,517.470716
6.512449,175,518.593728
7.203648,179,519.734467
6.061439,169,520.73637
3.168587,178,521.919884
5.051056,172,523.019143
4.792636,169,524.084105
7.914055,197,525.280175
6.081517,172,526.357332
11.886309,198,527.619933
0.980278,183,528.945588
8.218102,184,530.213912
4.342745,171,531.388148
3.904748,186,532.626548
6.994536,196,533.844211
2.780943,186,535.13403
5.997028,200,536.384441
5.51442,165,537.479759
8.825684,195,538.701308
6.615978,218,540.034495
9.013407,189,541.192365
7.758182,192,542.410145
7.841821,193,543.642856
8.34589,193,544.818162
7.73645,189,545.966782
7.497001,216,547.281439
9.097772,203,548.530047
5.760721,176,549.796927
6.103928,216,551.294279
7.565048,189,552.55839
9.119251,187,553.823335
7.935658,205,555.237754
5.68607,189,556.482042
0.43518,207,557.747792
5.685101,180,559.040852
7.335094,181,560.278197
8.307314,205,561.667607
7.356747,183,562.905905
8.81037,195,564.213524
3.682291,193,565.519817
7.116004,175,566.759843
3.247846,183,568.014191
4.604578,184,569.269251
6.042427,178,570.478402
5.398213,177,571.65005
8.122256,214,572.948941
8.391989,182,574.028314
7.550666,195,575.160523
5.599271,176,576.167098
5.980591,204,577.3401
16.949682,268,578.942252
8.720708,190,580.09223
3.024225,216,581.459782
8.939718,201,582.655405
6.979166,210,583.864171
4.936993,203,585.0244
16.901513,247,586.443951
6.583496,192,587.546814
4.406043,180,588.57961
6.725172,233,589.921102
19.527101,286,591.567249
11.438431,205,592.740119
6.613996,200,593.891155
9.723326,202,595.043374
7.740708,194,596.165078
8.945454,194,597.292039
10.134146,230,598.658569
3.680591,193,599.771129
3.423646,249,601.219304
5.829503,194,602.343664
8.806682,198,603.50157
10.206948,247,604.953915
6.727818,210,606.197509
4.55853,185,607.258375
6.834914,187,608.343199
4.271967,179,609.404758
4.149483,177,610.462844
6.147113,177,611.504122
3.956031,223,612.933501
13.857175,241,614.504062
11.782537,234,616.004743
8.328881,190,617.270327
6.526004,204,618.643281
9.30406,232,620.196332
5.307195,188,621.356051
3.605058,172,622.402535
3.038248,181,623.69734
5.350784,173,624.903923
8.120127,185,626.178045
11.083996,198,627.510449
0.729022,174,628.683236
3.593002,181,629.779715
2.994001,181,630.872434
5.374938,196,632.093011
4.703901,175,633.149133
5.139573,181,634.239199
6.030683,172,635.243265
5.083875,192,636.408414
3.388511,155,637.322693
7.500076,213,638.621346
3.646823,161,639.605771
5.685955,185,640.829266
14.272506,243,642.329842
7.646507,184,643.449586
3.293938,155,644.425263
3.232405,163,645.406443
4.464022,156,646.351058
3.523552,157,647.291531
5.594641,199,648.574845
3.655981,178,649.653071
4.938549,165,650.630126
5.89123,184,651.781141
20.333119,283,653.545684
1.17676,170,654.581135
7.550367,184,655.690277
9.450783,184,656.847588
7.00792,195,657.997573
5.848548,184,659.146896
3.0255,218,660.611587
3.204476,163,661.587466
3.844588,182,662.700402
7.134161,184,663.810023
3.9061,187,664.934115
9.340766,234,666.352265
7.18042,188,667.467891
4.437538,174,668.548349
4.16916,179,669.605258
4.263952,179,670.72124
2.418918,174,671.75564
4.074119,205,672.980608
0.919359,197,674.157848
5.31543,182,675.41036
8.268582,176,676.616631
7.043275,172,677.756845
7.1043,181,678.953662
8.839535,194,680.245196
6.974205,188,681.531999
0.884721,187,682.825059
4.891884,204,684.175951
3.601486,191,685.486498
9.342734,213,686.877128
12.708798,235,688.255992
8.529537,193,689.357975
5.257597,201,690.506838
10.285476,238,691.866183
12.110135,218,693.164604
1.869747,165,694.10461
2.783972,188,695.174821
4.872694,193,696.277238
0.394276,186,697.344655
1.602727,190,698.429052
3.385917,181,699.475732
3.331863,180,700.504783
7.459632,191,701.597087
2.991189,162,702.553254
2.756744,172,703.529895
6.319744,224,704.803823
2.110593,173,705.789812
7.020615,203,706.942958
12.039908,237,708.30845
4.100306,165,709.242922
17.117993,254,710.702504
2.592164,187,711.764342
9.408848,196,712.881758
12.505232,204,714.041283
7.818087,231,715.364906
5.410432,197,716.505475
9.008769,199,717.645296
14.527712,222,718.920873
7.857571,192,720.014396
16.110541,237,721.376454
13.44898,216,722.618443
16.677259,254,724.075373
9.316503,237,725.441158
8.687976,202,726.595552
7.393284,242,727.980385
9.246245,211,729.185791
13.100939,244,730.592873
10.230638,198,731.726176
22.923192,266,733.254923
12.881208,228,734.566761
8.348713,222,735.839211
18.457587,255,737.303276
12.540032,226,738.606506
8.032809,203,739.769042
4.644821,241,741.151237
8.083075,198,742.27962
10.549016,193,743.384622
13.582677,249,744.819131
11.824927,217,746.081013
9.433488,206,747.262037
5.050514,192,748.365018
8.158431,242,749.758749
2.086358,176,750.760412
12.446173,259,752.24117
5.812041,216,753.478221
12.957062,247,754.900262
3.107052,166,755.844505
12.893307,209,757.031551
14.046606,254,758.487908
9.881927,201,759.646034
5.002867,223,760.921473
7.249303,189,762.001005
2.476074,188,763.077221
6.652304,190,764.158257
3.707688,279,765.766882
2.912652,165,766.702916
1.343119,238,768.067559
7.062163,205,769.235081
3.583673,179,770.248439
6.719228,206,771.4206
1.461361,142,772.223336
1.641086,144,773.043229
1.78603,182,774.081212
-0.719448,200,775.220178
1.828503,146,776.069744
1.627277,145,776.895427
2.155868,148,777.74136
1.30554,150,778.595421
3.864036,217,779.859027
1.368676,142,780.656337
4.481257,214,781.885299
6.874371,202,783.03998
-2.490441,184,784.088425
6.467109,223,785.363912
2.024726,203,786.520303
14.872896,294,788.220131
6.18061,202,789.370941
3.265377,219,790.623883
6.380229,202,791.783477
5.034511,225,793.072451
6.024561,203,794.226288
6.989983,234,795.567341
6.441904,183,796.608512
8.67022,181,797.636009
7.222903,190,798.814283
4.518467,251,800.366967
8.727813,202,801.535167
3.421015,187,802.601109
5.29192,185,803.667628
8.71714,206,804.853459
8.225477,235,806.216764
-1.527216,215,807.454954
3.006777,207,808.639682
2.420664,172,809.618379
-0.694251,163,810.545384
2.634425,169,811.504018
-0.737869,175,812.523021
0.458645,165,813.465257
0.151048,199,814.604072
1.037445,163,815.570764
2.80861,174,816.566687
0.238134,197,817.70386
1.85417,164,818.639175
-1.086248,198,819.781471
-2.768958,186,820.850118
1.816684,178,821.875994
1.39699,194,822.996278
-0.52418,191,824.088465
0.287705,188,825.169779
3.395622,187,826.235771
1.828895,180,827.262774
1.513768,187,828.328173
0.099537,177,829.334848
2.98383,169,830.296457
1.815565,186,831.354881
3.876012,212,832.571627
5.070494,220,833.828744
7.552927,199,834.970728
0.559701,159,835.867915
5.403288,192,836.985818
6.558113,207,838.175096
7.682837,201,839.339729
20.168923,291,841.017758
6.3117,184,842.064026
5.738206,254,843.651552
3.082993,192,844.745411
11.638307,243,846.156422
15.676922,235,847.506932
14.131167,230,848.841959
7.600353,209,850.045439
1.849877,172,851.018957
12.247535,240,852.399949
8.699961,231,853.718095
7.031569,181,854.748514
2.86958,173,855.732862
20.835175,312,857.549308
9.521405,212,858.76867
17.62589,310,860.558429
6.335613,184,861.602825
0.518733,195,862.718633
2.543462,200,863.858212
8.104059,211,865.067328
8.071571,208,866.270055
1.87457,165,867.212503
9.582268,218,868.46285
5.28625,187,869.52812
4.183022,186,870.587506
3.62453,183,871.628302
2.929398,182,872.667823
13.371831,220,873.918096
3.166281,170,874.885073
1.88968,156,875.770396
6.989237,193,876.868327
8.421276,269,878.4261
3.21549,163,879.353378
9.779959,210,880.562223
8.191126,194,881.667896
7.476188,202,882.823502
2.681422,183,883.865136
3.982683,170,884.836002
3.87737,184,885.882101
0.847361,168,886.836732
1.800742,160,887.748596
5.925938,204,888.922636
3.858397,177,889.933419
11.377937,240,891.323517
3.411426,159,892.223553
5.421925,190,893.311496
8.695044,221,894.580933
7.394102,217,895.828224
11.296867,217,897.088286
7.251677,204,898.265351
4.961308,183,899.3228
6.496249,193,900.432112
12.832653,273,902.008215
4.612257,198,903.14689
13.501585,233,904.487642
0.145279,244,905.895396
11.90932,235,907.241408
8.893464,220,908.512735
14.156424,254,909.983162
11.768662,260,911.48481
7.385154,192,912.585517
0.748378,214,913.811296
7.415628,212,915.026791
8.247614,198,916.156002
8.896863,197,917.282234
14.022282,268,918.833329
3.62161,174,919.867587
4.83284,190,921.070572
4.119454,180,922.09754
3.850809,163,923.028977
10.010085,202,924.180846
4.244781,158,925.081719
3.693154,161,925.99595
3.75985,157,926.90003
3.689101,154,927.778499
4.145056,159,928.680783
2.782817,244,930.08475
3.947898,155,930.964881
4.032691,154,931.839291
2.532263,157,932.747026
3.277765,153,933.616006
-0.133289,233,934.953746
2.703715,157,935.844565
1.473812,162,936.763671
0.833361,213,937.984615
2.437308,178,939.041372
1.649295,222,940.319853
0.57452,176,941.326519
5.763977,224,942.618985
3.285994,170,943.5858
4.761162,197,944.711011
13.465567,224,945.998501
4.043268,169,946.963355
6.903354,196,948.084947
11.83323,277,949.683122
12.264568,213,950.90434
10.739757,203,952.067627
4.572053,171,953.048181
10.375414,225,954.339979
8.993314,188,955.418429
13.947372,218,956.694209
3.01629,171,957.676714
5.691525,178,958.69329
9.706007,209,959.905317
13.379783,233,961.247615
5.472453,195,962.364986
10.164397,230,963.692625
6.26714,215,964.927955
5.212341,203,966.086497
3.194605,195,967.202048
6.348829,189,968.283996
2.075606,250,969.730697
5.185772,185,970.781813
6.249573,187,971.850171
9.492704,203,973.010815
2.673337,188,974.080282
15.771245,257,975.5586
6.67791,179,976.575517
19.804431,318,978.417635
3.002201,184,979.466804
11.802915,241,980.864896
2.859771,176,981.865474
4.639704,173,982.851724
0.830752,176,983.858888
3.277653,172,984.839967
1.407061,169,985.80347
3.336495,177,986.829292
9.14198,218,988.0823
6.582506,186,989.141539
3.145124,172,990.118204
3.934983,178,991.128154
8.399248,207,992.312013
2.889909,177,993.320561
5.425712,188,994.388838
8.704129,195,995.500037
7.502685,196,996.615573
2.927732,179,997.639274
4.345211,169,998.601072
3.290274,167,999.552757
4.519351,177,1000.569432
4.770336,206,1001.75626
4.267215,168,1002.711765
0.997902,192,1003.814703
2.591868,175,1004.807955
9.118308,226,1006.102931
10.457329,194,1007.210914
9.233207,200,1008.356953
5.197305,185,1009.411346
10.970889,225,1010.700258
7.579403,209,1011.905635
5.154054,174,1012.91643
4.500586,174,1013.909718
5.916267,205,1015.080645
2.714318,205,1016.250943
3.001107,170,1017.24102
10.13611,209,1018.439974
16.319437,231,1019.765754
9.16202,212,1020.986452
1.865739,221,1022.245694
5.426401,194,1023.356257
7.509726,237,1024.714363
9.505689,201,1025.867775
4.363056,182,1026.906422
9.900413,228,1028.206708
8.148023,201,1029.352304
5.259342,182,1030.388239
18.305436,331,1032.303621
8.023712,202,1033.456356
7.851518,186,1034.512291
12.469965,218,1035.754499
4.930259,182,1036.785729
12.740332,237,1038.151588
3.218321,208,1039.338343
5.966598,226,1040.623098
16.689181,259,1042.11218
6.765393,230,1043.430736
0.058838,215,1044.6522
16.002533,266,1046.186363
-0.350115,214,1047.428583
3.176225,181,1048.459946
4.941523,192,1049.570295
13.397366,316,1051.394193
7.305622,180,1052.431663
5.259565,201,1053.58041
7.83183,189,1054.660138
5.120488,204,1055.829687
12.798884,261,1057.335428
1.935851,182,1058.376234
6.475629,200,1059.521439
7.931605,228,1060.836485
7.262731,227,1062.14622
9.212071,206,1063.323786
1.297563,191,1064.413713
7.69282,210,1065.616496
5.391624,187,1066.680044
9.654352,252,1068.136941
9.33506,251,1069.572896
0.590448,169,1070.532985
12.090307,245,1071.933495
6.38515,224,1073.226383
12.198938,266,1074.774329
2.39585,223,1076.046711
2.04354,183,1077.109283
0.732929,199,1078.250175
2.144688,200,1079.405848
0.290492,171,1080.379036
0.285261,176,1081.382154
-1.258128,180,1082.409055
1.359888,206,1083.57995
-2.044515,193,1084.674435
-1.288786,189,1085.74837
9.495886,246,1087.15113
16.067877,254,1088.618768
6.827302,202,1089.765774
5.074129,205,1090.94885
6.41947,186,1092.007124
8.119962,198,1093.137392
9.729308,209,1094.332343
8.466128,198,1095.461388
5.184045,242,1096.845068
14.728695,234,1098.180848
10.942404,233,1099.518845
6.375879,184,1100.563213
5.982864,195,1101.669136
-2.418269,207,1102.852368
7.458984,201,1103.994669
9.736877,207,1105.173976
6.692514,198,1106.300408
2.827883,183,1107.358986
6.18088,190,1108.454434
5.558601,254,1109.901147
6.942551,198,1111.026988
14.271034,240,1112.401907
10.988279,231,1113.729612
6.370544,188,1114.79834
11.462484,226,1116.214873
10.101362,253,1117.718182
5.606385,231,1119.043283
7.591251,358,1121.163569
10.576166,204,1122.337074
3.736681,200,1123.48143
8.066946,206,1124.662832
9.468242,235,1126.007549
8.897039,218,1127.245016
8.704622,226,1128.541164
13.218908,234,1129.879783
9.221225,209,1131.06575
6.545403,186,1132.119127
3.723786,192,1133.215312
15.623374,255,1134.678238
6.587139,195,1135.807282
8.620921,236,1137.165919
11.401978,260,1138.667
8.546332,235,1140.024036
2.99165,177,1141.033621
5.427813,221,1142.293012
5.039768,204,1143.458407
6.475188,185,1144.509713
8.873097,204,1145.658418
6.888875,228,1146.966994
3.965021,216,1148.204
12.438239,240,1149.574689
6.272677,207,1150.75519
-0.546139,160,1151.663546
1.662851,188,1152.734572
22.182912,320,1154.567589
12.07085,218,1155.815694
9.088308,202,1156.970523
16.060602,235,1158.319484
7.713045,188,1159.390554
18.169049,271,1160.951525
4.045603,175,1161.947572
11.708076,246,1163.359182
9.360394,205,1164.525624
11.117685,228,1165.8286
3.538666,242,1167.242571
4.978933,220,1168.528516
8.484755,212,1169.758544
3.394248,190,1170.89835
6.385102,210,1172.131134
0.587593,174,1173.142923
7.4887,209,1174.331626
4.753863,220,1175.584027
0.754017,213,1176.798676
8.231101,216,1178.053112
12.235693,258,1179.595954
6.98296,206,1180.771822
18.150047,259,1182.270606
13.440993,248,1183.7013
8.696171,226,1184.993604
5.547827,205,1186.169095
6.470832,208,1187.35635
7.672605,251,1188.789471
2.761981,179,1189.808235
8.629512,198,1190.931978
4.290893,215,1192.161868
11.112936,250,1193.603877
2.722718,197,1194.725449
6.699267,275,1196.307155
2.849352,155,1197.195019
1.50194,226,1198.498696
2.549919,156,1199.393221
3.481679,172,1200.368054
6.83886,244,1201.761961
11.012851,251,1203.194732
8.359853,215,1204.423697
15.1061,247,1205.831663
4.426774,204,1206.989531
4.383973,203,1208.144333
9.394248,274,1209.715703
0.196074,210,1210.913711
5.482689,246,1212.321589
11.42697,232,1213.65285
0.449934,210,1214.848558
1.064742,160,1215.757712
0.425784,175,1216.749162
1.340414,170,1217.715384
6.45986,234,1219.052983
9.207589,198,1220.184021
2.277135,150,1221.03339
2.859796,153,1221.898984
-0.18988,173,1222.882516
3.0087,156,1223.766193
2.544549,153,1224.631582
2.547828,151,1225.487526
2.837365,154,1226.349644
11.555027,295,1228.06963
3.614674,198,1229.180538
4.333367,200,1230.311722
8.170927,223,1231.58354
10.068695,217,1232.82726
6.091021,203,1233.978154
12.899762,228,1235.278759
5.75409,207,1236.453335
5.589941,217,1237.703757
6.024188,187,1238.765796
6.508277,202,1239.914572
3.887558,195,1241.022114
11.193903,229,1242.334416
3.014094,187,1243.404985
7.114387,210,1244.618326
5.112152,179,1245.635119
6.264554,208,1246.821821
13.455487,223,1248.080794
15.544271,234,1249.40252
8.192658,246,1250.81829
4.790725,250,1252.229507
14.627171,316,1254.042465
3.985746,176,1255.036057
5.490822,202,1256.168928
-0.259863,216,1257.402643
13.164245,254,1258.847382
10.680035,204,1260.025531
8.403312,192,1261.107601
2.303424,188,1262.161876
7.602164,186,1263.209332
9.287193,246,1264.596186
9.467216,206,1265.756715
14.726362,250,1267.176411
6.684977,207,1268.35135
6.953198,198,1269.470976
5.406673,182,1270.499624
10.255813,246,1271.896158
2.905451,207,1273.08394
10.540861,212,1274.273355
2.365289,196,1275.375593
3.768325,161,1276.274825
2.933419,179,1277.280873
2.677862,175,1278.266403
3.185678,160,1279.158981
2.880055,161,1280.059993
8.412021,206,1281.223352
2.458355,151,1282.067397
2.193831,150,1282.904717
2.812425,158,1283.785384
2.418675,149,1284.617862
1.756938,156,1285.491916
2.038694,151,1286.332932
2.041567,150,1287.186085
1.810979,154,1288.040251
2.186636,149,1288.875145
2.487799,196,1289.981088
2.265361,153,1290.835638
2.679834,153,1291.695677
2.707407,157,1292.592946
2.844904,154,1293.50732
3.125837,158,1294.404407
3.351243,160,1295.298319
4.650092,240,1296.655378
3.235773,157,1297.538104
3.126044,154,1298.401034
3.07143,155,1299.266721
2.681877,154,1300.119272
2.866809,157,1300.994529
2.909116,156,1301.874425
3.104993,155,1302.753079
6.091849,265,1304.284572
3.001403,157,1305.167132
3.203557,161,1306.081624
3.94252,173,1307.0681
3.715911,166,1308.016096
4.311318,174,1309.003636
3.523195,176,1310.00509
6.982901,242,1311.397855
11.41625,241,1312.779962
10.518069,200,1313.917707
7.33434,242,1315.309065
12.670653,222,1316.594137
4.753114,168,1317.568593
17.557892,310,1319.361237
8.364495,186,1320.421681
12.661316,206,1321.598194
6.756089,188,1322.670207
12.502122,225,1323.952304
13.00459,228,1325.291325
13.528611,207,1326.484731
13.00162,205,1327.655942
11.049847,198,1328.78052
16.393295,232,1330.107428
16.405697,232,1331.434723
20.08086,279,1333.03499
14.514722,226,1334.323104
12.350648,229,1335.637723
12.249234,216,1336.867818
6.124993,223,1338.140547
9.0083,276,1339.725754
10.101792,243,1341.114929
13.827615,246,1342.52219
16.281509,248,1343.948074
12.177921,217,1345.181915
10.052392,222,1346.452058
7.860001,227,1347.775769
1.537141,167,1348.720933
16.512668,225,1350.013344
14.570263,239,1351.37034
17.458895,246,1352.790823
14.962884,258,1354.261024
5.751968,196,1355.371639
13.76459,229,1356.674003
16.657436,239,1358.196409
6.312004,202,1359.370948
11.305023,253,1360.819665
15.889559,250,1362.247216
12.259336,263,1363.754728
10.300582,248,1365.180029
10.251909,253,1366.616827
16.532033,242,1368.011997
12.966624,236,1369.353106
13.241627,249,1370.774205
3.155789,172,1371.750029
1.766204,165,1372.689358
11.029358,223,1373.969235
6.372306,187,1375.019726
16.808293,278,1376.590932
13.341524,228,1377.901946
14.565606,212,1379.103421
4.152806,184,1380.15221
15.809819,224,1381.416246
0.552329,176,1382.405397
2.835364,181,1383.424478
1.830294,185,1384.469667
7.098197,195,1385.567469
2.401231,240,1386.927909
9.175465,214,1388.149828
6.724989,202,1389.291754
4.862754,278,1390.876882
8.194865,209,1392.063223
3.905057,184,1393.104504
5.965027,181,1394.121163
8.069257,199,1395.238345
10.076973,197,1396.344548
9.674918,204,1397.498779
14.018385,222,1398.753375
7.900419,185,1399.793269
10.370425,205,1400.941515
7.412934,194,1402.037313
10.664702,194,1403.145328
8.491841,188,1404.205804
6.930295,190,1405.281236
6.399107,191,1406.35774
5.258892,229,1407.681512
4.79485,175,1408.668166
7.341489,199,1409.795834
6.673335,198,1410.914263
9.479912,195,1412.014181
6.831741,191,1413.113792
8.427778,186,1414.160777
9.488642,207,1415.339167
8.257109,193,1416.429273
8.714545,193,1417.521585
8.487269,203,1418.661705
8.660025,188,1419.769428
9.076799,212,1420.9709
6.63846,211,1422.172011
9.175581,196,1423.283298
10.502795,207,1424.456838
7.349028,208,1425.632755
10.144443,212,1426.83331
9.578213,203,1427.98358
8.446309,197,1429.09489
4.695279,269,1430.641281
4.660034,206,1431.804786
7.956876,278,1433.389802
8.552377,200,1434.525828
3.589296,209,1435.708658
7.155012,195,1436.807424
6.592839,226,1438.10767
9.934256,207,1439.279449
22.668176,311,1441.096349
7.374848,218,1442.325658
8.159319,222,1443.589633
13.231237,239,1444.94208
10.302317,229,1446.236482
11.64283,254,1447.684257
10.591722,222,1448.981204
10.910453,274,1450.546915
4.048428,205,1451.706351
11.544947,254,1453.150836
1.735978,189,1454.230506
3.425905,207,1455.424815
8.629681,227,1456.717477
2.807485,239,1458.066705
15.373908,261,1459.540617
2.608074,181,1460.553025
10.485995,247,1461.954572
2.74712,220,1463.197944
7.243068,209,1464.373496
3.485659,224,1465.638706
1.179863,194,1466.737885
2.445516,189,1467.827968
3.635143,210,1469.011408
0.116799,177,1470.004572
4.171563,185,1471.040902
1.198192,205,1472.189592
1.934678,181,1473.206968
-3.088789,204,1474.350591
8.48319,202,1475.48541
12.366518,217,1476.703614
10.891793,205,1477.867577
14.780474,254,1479.294854
17.21078,240,1480.640485
9.871744,242,1482.012905
10.454187,224,1483.288315
8.811317,226,1484.556585
10.97749,216,1485.77658
12.643583,223,1487.038056
15.809894,242,1488.40801
13.891254,240,1489.757286
11.287157,209,1490.936309
11.39486,234,1492.258059
13.312169,219,1493.492313
17.402975,254,1494.925177
12.623748,217,1496.158416
14.785259,250,1497.594193
10.920452,237,1498.931934
3.648427,220,1500.198596
11.451865,275,1501.756052
6.179003,205,1502.910169
9.515956,205,1504.068033
4.556595,210,1505.249367
5.788367,205,1506.403394
7.364372,200,1507.526528
11.864331,236,1508.865015
5.787851,205,1510.012769
6.867751,200,1511.143861
6.082643,200,1512.272575
5.642572,192,1513.354686
5.338312,196,1514.453049
13.341082,302,1516.162958
4.417966,207,1517.33086
15.402305,301,1519.06196
3.638572,191,1520.129935
3.234293,209,1521.331527
2.47273,193,1522.416674
12.003259,245,1523.796238
11.069172,270,1525.322333
10.456955,246,1526.7105
7.128219,259,1528.316529
11.01514,233,1529.878967
5.908691,232,1531.372885
16.52329,259,1533.016889
8.221977,243,1534.477501
5.441641,191,1535.641866
5.182511,304,1537.441801
1.669742,206,1538.697498
5.267536,183,1539.833976
3.413358,175,1540.888204
4.46078,176,1541.889734
16.120456,257,1543.373638
2.877187,225,1544.66761
26.860962,375,1546.840366
15.488088,261,1548.334293
13.454205,247,1549.75356
13.209339,246,1551.161117
12.410705,232,1552.488493
11.333216,217,1553.734516
2.41702,226,1555.02764
1.307238,242,1556.405002
1.780065,187,1557.475396
7.243535,213,1558.711185
4.945332,202,1559.872855
13.123917,245,1561.273478
13.317521,239,1562.653922
5.663316,214,1563.87491
15.813799,244,1565.273735
19.8971,259,1566.761583
5.052314,261,1568.251699
3.43839,220,1569.533572
5.755278,206,1570.767458
15.330995,293,1572.577181
5.809947,241,1574.038504
10.727364,230,1575.377508
13.816818,262,1576.939936
15.586913,281,1578.566738
6.522042,207,1579.789485
7.644145,237,1581.229131
-2.307088,217,1582.519584
8.14267,224,1583.878476
2.964218,223,1585.183996
4.776688,206,1586.413063
2.937722,183,1587.510478
4.789105,217,1588.784513
2.634281,187,1589.850121
6.871747,190,1590.931903
6.353889,210,1592.131891
4.996337,210,1593.367823
4.416484,202,1594.521934
16.316996,293,1596.215744
2.662867,187,1597.280555
10.162932,227,1598.629416
4.796801,188,1599.746529
7.898609,204,1600.927158
6.910535,199,1602.101266
2.760986,159,1603.023716
12.453282,230,1604.348796
7.969337,207,1605.538818
0.005879,176,1606.579866
1.406899,177,1607.635969
4.946648,212,1608.865838
2.468544,171,1609.840492
4.877161,185,1610.908217
4.769468,184,1611.961757
0.483751,180,1612.995683
2.582755,166,1613.946732
4.953563,204,1615.130364
1.003196,168,1616.088289
3.905549,188,1617.171238
0.345242,182,1618.234911
3.88361,175,1619.241868
4.737555,194,1620.376914
5.913932,198,1621.519166
2.979411,176,1622.52858
4.090301,182,1623.573389
5.578006,193,1624.676417
6.897403,192,1625.774946
4.906005,186,1626.836803
2.26018,189,1627.922683
4.840345,178,1628.937657
4.088263,167,1629.882746
7.861838,181,1630.916754
4.702351,196,1632.04913
3.70268,179,1633.075459
1.95169,194,1634.36186
7.123788,219,1635.674788
0.322397,239,1637.113173
2.81217,198,1638.298277
7.177211,191,1639.439836
6.177021,186,1640.5491
6.27696,183,1641.636029
5.189367,230,1643.017847
10.699365,225,1644.518247
5.567486,187,1645.761355
5.267814,191,1647.101289
